变量名,类型/位号,读位置,写位置,用途推断,相关轴号,风险说明
A,global axisdef,1st.prg:11402;1st.prg:11409,,通用控制变量,,中
A0_DriveError,local int,1st.prg:8865,1st.prg:9531,故障/错误阈值或报警状态,,中
A0_Enabled,local int,1st.prg:8865,1st.prg:9528,局部计算/临时变量,,低
A0_EncoderDisconnected,local int,1st.prg:8865,1st.prg:9532,局部计算/临时变量,,低
A0_Homed,local int,1st.prg:8865,1st.prg:9529,局部计算/临时变量,,低
A0_NegLimit,local int,1st.prg:8865,1st.prg:9530,局部计算/临时变量,,高
A2_DriveError,local int,1st.prg:8866,1st.prg:9537,故障/错误阈值或报警状态,,中
A2_Enabled,local int,1st.prg:8866,1st.prg:9534,局部计算/临时变量,,低
A2_EncoderDisconnected,local int,1st.prg:8866,1st.prg:9538,局部计算/临时变量,,低
A2_Homed,local int,1st.prg:8866,1st.prg:9535,局部计算/临时变量,,低
A2_NegLimit,local int,1st.prg:8866,1st.prg:9536,局部计算/临时变量,,高
ACC,unknown unknown,1st.prg:1987;1st.prg:2680;1st.prg:3373;1st.prg:4066;1st.prg:4759;1st.prg:5452;1st.prg:8617;1st.prg:8726;1st.prg:8750;1st.prg:9218;1st.prg:9220;1st.prg:9442;1st.prg:9452;1st.prg:9462;1st.prg:9472,1st.prg:103;1st.prg:142;1st.prg:1426;1st.prg:2020;1st.prg:2059;1st.prg:2713;1st.prg:2752;1st.prg:3406;1st.prg:3445;1st.prg:4099;1st.prg:4138;1st.prg:4792;1st.prg:4831;1st.prg:5485;1st.prg:5524;1st.prg:8381;1st.prg:8382;1st.prg:8392;1st.prg:8393;1st.prg:8502;1st.prg:8503;1st.prg:9158;1st.prg:9168;1st.prg:9178;1st.prg:9187;1st.prg:9198;1st.prg:9206,运动参数/速度曲线,,高
ANALOG_OFFSET,local real,1st.prg:1400;1st.prg:1752;1st.prg:1771,1st.prg:1418,局部计算/临时变量,,低
AOUT,unknown unknown,,1st.prg:9703;1st.prg:9716;1st.prg:9729;1st.prg:9742,通用控制变量,,中
APOS,unknown unknown,,1st.prg:10761;1st.prg:10762;1st.prg:10805,通用控制变量,,中
AnalogCARAxis,global int,1st.prg:22;1st.prg:601;1st.prg:603;1st.prg:605;1st.prg:607;1st.prg:720;1st.prg:1208;1st.prg:1210;1st.prg:1212;1st.prg:1214;1st.prg:1939;1st.prg:2518;1st.prg:2520;1st.prg:2522;1st.prg:2524;1st.prg:2632;1st.prg:3211;1st.prg:3213;1st.prg:3215;1st.prg:3217;1st.prg:3325;1st.prg:3904;1st.prg:3906;1st.prg:3908;1st.prg:3910;1st.prg:4018;1st.prg:4597;1st.prg:4599;1st.prg:4601;1st.prg:4603;1st.prg:4711;1st.prg:5290;1st.prg:5292;1st.prg:5294;1st.prg:5296;1st.prg:5404;1st.prg:5983;1st.prg:5985;1st.prg:5987;1st.prg:5989;1st.prg:10571;1st.prg:10624;1st.prg:10625;1st.prg:10627;1st.prg:10628;1st.prg:10631;1st.prg:10632;1st.prg:10634;1st.prg:10635;1st.prg:10639;1st.prg:10640;1st.prg:10642;1st.prg:10643;1st.prg:10647;1st.prg:10648;1st.prg:10650;1st.prg:10651,1st.prg:10576;1st.prg:10585,通用控制变量,,中
AnalogChannelOffset,global real,1st.prg:7900;1st.prg:7915;1st.prg:7932;1st.prg:7946;1st.prg:8977;1st.prg:11457,,通用控制变量,,中
AnologHomeSignalMedian,global real,1st.prg:23;1st.prg:721;1st.prg:1940;1st.prg:2633;1st.prg:3326;1st.prg:4019;1st.prg:4712;1st.prg:5405;1st.prg:10572;1st.prg:10624;1st.prg:10627;1st.prg:10631;1st.prg:10634;1st.prg:10639;1st.prg:10642;1st.prg:10647;1st.prg:10650,1st.prg:620;1st.prg:1227;1st.prg:2537;1st.prg:3230;1st.prg:3923;1st.prg:4616;1st.prg:5309;1st.prg:6002;1st.prg:10577,通用控制变量,,中
ArmExtMax,global real,1st.prg:8213;1st.prg:8852,1st.prg:9279;1st.prg:9291;1st.prg:9303;1st.prg:9316;1st.prg:9322,通用控制变量,,中
ArmExtMin,global real,1st.prg:8213;1st.prg:8852,1st.prg:9280;1st.prg:9292;1st.prg:9304;1st.prg:9317;1st.prg:9323,通用控制变量,,中
AvgFilterPole,local int,1st.prg:7830;1st.prg:7847;1st.prg:7855;1st.prg:7856;1st.prg:7857;1st.prg:7858;1st.prg:7873;1st.prg:7881;1st.prg:7882;1st.prg:7883;1st.prg:7884;1st.prg:7894;1st.prg:7898;1st.prg:7909;1st.prg:7913;1st.prg:7925;1st.prg:7929;1st.prg:7940;1st.prg:7944,1st.prg:7838,局部计算/临时变量,,低
AxisAcc0,global real tag 1085,1st.prg:11522,1st.prg:8617;1st.prg:9546,运动参数/速度曲线,0,高
AxisAcc1,global real tag 1285,1st.prg:11604,1st.prg:8726;1st.prg:9580,运动参数/速度曲线,1,高
AxisAcc2,global real tag 1185,1st.prg:11563,1st.prg:8750;1st.prg:9594,运动参数/速度曲线,2,高
AxisAcc3,global real tag 1385,1st.prg:11644,1st.prg:9609,运动参数/速度曲线,3,高
AxisAcc4,global real tag 1485,1st.prg:11684,1st.prg:9624,运动参数/速度曲线,4,高
AxisAcc5,global real tag 1685,1st.prg:11762,1st.prg:9640,运动参数/速度曲线,5,高
AxisAcc6,global real tag 1585,1st.prg:11723,1st.prg:9657,运动参数/速度曲线,6,高
AxisAcc7,global real tag 1785,1st.prg:11801,1st.prg:9674,运动参数/速度曲线,7,高
AxisDec0,global real tag 1084,1st.prg:11521,1st.prg:8616;1st.prg:9545,运动参数/速度曲线,0,高
AxisDec1,global real tag 1284,1st.prg:11603,1st.prg:8725;1st.prg:9579,运动参数/速度曲线,1,高
AxisDec2,global real tag 1184,1st.prg:11562,1st.prg:8749;1st.prg:9593,运动参数/速度曲线,2,高
AxisDec3,global real tag 1384,1st.prg:11643,1st.prg:9608,运动参数/速度曲线,3,高
AxisDec4,global real tag 1484,1st.prg:11683,1st.prg:9623,运动参数/速度曲线,4,高
AxisDec5,global real tag 1684,1st.prg:11761,1st.prg:9639,运动参数/速度曲线,5,高
AxisDec6,global real tag 1584,1st.prg:11722,1st.prg:9656,运动参数/速度曲线,6,高
AxisDec7,global real tag 1784,1st.prg:11800,1st.prg:9673,运动参数/速度曲线,7,高
AxisInfo,unknown unknown,1st.prg:8650;1st.prg:8787;1st.prg:8849;1st.prg:9510;1st.prg:9528;1st.prg:9529;1st.prg:9530;1st.prg:9531;1st.prg:9532;1st.prg:9534;1st.prg:9535;1st.prg:9536;1st.prg:9537;1st.prg:9538,1st.prg:8630;1st.prg:8631;1st.prg:8632;1st.prg:8633;1st.prg:8634;1st.prg:8635;1st.prg:8639;1st.prg:8640;1st.prg:8641;1st.prg:8642;1st.prg:8643;1st.prg:8644;1st.prg:8645;1st.prg:8646;1st.prg:8647;1st.prg:8648;1st.prg:8649;1st.prg:8732;1st.prg:8733;1st.prg:8734;1st.prg:8735;1st.prg:8736;1st.prg:8756;1st.prg:8757;1st.prg:8758;1st.prg:8759;1st.prg:8760;1st.prg:8772;1st.prg:8773;1st.prg:8774;1st.prg:8775;1st.prg:8776;1st.prg:8780;1st.prg:8781;1st.prg:8782;1st.prg:8783;1st.prg:8784;1st.prg:8785;1st.prg:8786;1st.prg:9490;1st.prg:9491;1st.prg:9492;1st.prg:9493;1st.prg:9494;1st.prg:9495;1st.prg:9499;1st.prg:9500;1st.prg:9501;1st.prg:9502;1st.prg:9503;1st.prg:9504;1st.prg:9505;1st.prg:9506;1st.prg:9507;1st.prg:9508;1st.prg:9509;1st.prg:9518;1st.prg:9519;1st.prg:9520;1st.prg:9521;1st.prg:9522;1st.prg:9523;1st.prg:9524;1st.prg:9525,通用控制变量,,中
AxisLog,unknown unknown,1st.prg:8850,1st.prg:8627;1st.prg:8628;1st.prg:8629;1st.prg:8730;1st.prg:8731;1st.prg:8754;1st.prg:8755;1st.prg:8771;1st.prg:9483;1st.prg:9484;1st.prg:9485,通用控制变量,,中
AxisNum,local int,1st.prg:8868;1st.prg:9980;1st.prg:9981;1st.prg:9982;1st.prg:9983;1st.prg:9996;1st.prg:9997;1st.prg:9998;1st.prg:9999;1st.prg:10053;1st.prg:10054;1st.prg:10055;1st.prg:10056;1st.prg:10057;1st.prg:10061;1st.prg:10065;1st.prg:10069;1st.prg:10073;1st.prg:10077;1st.prg:10081;1st.prg:10085;1st.prg:10133;1st.prg:10134;1st.prg:10135;1st.prg:10136,1st.prg:9978;1st.prg:9985;1st.prg:9994;1st.prg:10001;1st.prg:10051;1st.prg:10093;1st.prg:10131;1st.prg:10138,局部计算/临时变量,,低
AxisType,global int,1st.prg:11424,,通用控制变量,,中
B,global axisdef,1st.prg:11409,,通用控制变量,,中
BFM_StatusWord,unknown unknown,1st.prg:7248,1st.prg:7246;1st.prg:7247,通用控制变量,,中
Bit0,local int,1st.prg:6801;1st.prg:6858;1st.prg:6865;1st.prg:7180;1st.prg:7287;1st.prg:7345;1st.prg:7399;1st.prg:7542;1st.prg:7566;1st.prg:7599,1st.prg:6856;1st.prg:6863;1st.prg:7207;1st.prg:7339;1st.prg:7531;1st.prg:7554;1st.prg:7578,局部计算/临时变量,0,低
Bit1,local int,1st.prg:6801;1st.prg:6858;1st.prg:6865;1st.prg:7180;1st.prg:7287;1st.prg:7345;1st.prg:7399;1st.prg:7542;1st.prg:7566;1st.prg:7599,1st.prg:6857;1st.prg:6864;1st.prg:7208;1st.prg:7340;1st.prg:7532;1st.prg:7556;1st.prg:7580,局部计算/临时变量,1,低
Bit10,unknown unknown,1st.prg:7566,1st.prg:7565,通用控制变量,0,中
Bit11,unknown unknown,1st.prg:7247,1st.prg:7237;1st.prg:7240,通用控制变量,1,中
Bit2,unknown unknown,1st.prg:7287;1st.prg:7345;1st.prg:7399;1st.prg:7542;1st.prg:7566;1st.prg:7599,1st.prg:7209;1st.prg:7341;1st.prg:7533;1st.prg:7557;1st.prg:7581,通用控制变量,2,中
Bit3,unknown unknown,1st.prg:7246;1st.prg:7287;1st.prg:7345;1st.prg:7399;1st.prg:7542;1st.prg:7566;1st.prg:7599,1st.prg:7210;1st.prg:7228;1st.prg:7231;1st.prg:7342;1st.prg:7534;1st.prg:7558;1st.prg:7582,通用控制变量,3,中
Bit4,unknown unknown,1st.prg:7287;1st.prg:7345;1st.prg:7399;1st.prg:7542;1st.prg:7566;1st.prg:7599,1st.prg:7211;1st.prg:7343;1st.prg:7535;1st.prg:7559;1st.prg:7583,通用控制变量,4,中
Bit5,unknown unknown,1st.prg:7287;1st.prg:7345;1st.prg:7399;1st.prg:7542;1st.prg:7566;1st.prg:7599,1st.prg:7212;1st.prg:7344;1st.prg:7536;1st.prg:7560;1st.prg:7584,通用控制变量,5,中
Bit6,unknown unknown,1st.prg:7542;1st.prg:7566;1st.prg:7599,1st.prg:7537;1st.prg:7561;1st.prg:7585,通用控制变量,6,中
Bit7,unknown unknown,1st.prg:7542;1st.prg:7566;1st.prg:7599,1st.prg:7538;1st.prg:7562;1st.prg:7588;1st.prg:7590;1st.prg:7593,通用控制变量,7,中
Bit8,unknown unknown,1st.prg:7542;1st.prg:7566;1st.prg:7599,1st.prg:7539;1st.prg:7563;1st.prg:7596,通用控制变量,,中
Bit9,unknown unknown,1st.prg:7542;1st.prg:7566;1st.prg:7599,1st.prg:7540;1st.prg:7564;1st.prg:7597,通用控制变量,,中
Buffer11Needed,local int,1st.prg:8839;1st.prg:9951,1st.prg:8916;1st.prg:9387,局部计算/临时变量,,低
Buffer11RunningFlag,unknown unknown,1st.prg:9951,1st.prg:9941,通用控制变量,,中
Buffer16RunningFlag,unknown unknown,,1st.prg:9942,通用控制变量,,中
Buffer17Needed,local int,1st.prg:8839;1st.prg:9957,1st.prg:8917;1st.prg:9371;1st.prg:9388,局部计算/临时变量,,低
Buffer17RunningFlag,unknown unknown,1st.prg:9957,1st.prg:9943,通用控制变量,,中
C,global axisdef,1st.prg:1452;1st.prg:11409,,通用控制变量,,中
C2M_CAR2_DOWN,global int,1st.prg:6792,1st.prg:6846,通用控制变量,,中
C2M_CAR2_UP,global int,1st.prg:6792,1st.prg:6845,通用控制变量,,中
C2M_CAR_DOWN,global int,1st.prg:6792,1st.prg:6843,通用控制变量,,中
C2M_CAR_UP,global int,1st.prg:6792,1st.prg:6842,通用控制变量,,中
C2M_OkToMoveCAR,global int,1st.prg:6792;1st.prg:10847;1st.prg:10952,1st.prg:6841,通用控制变量,,中
C2M_OkToMoveCAR2,global int,1st.prg:6792;1st.prg:10847;1st.prg:10952,1st.prg:6844,通用控制变量,2,中
CARHM0,global real tag 1005,1st.prg:11493,,通用控制变量,0,中
CARHM1,global int tag 1205,1st.prg:11575,1st.prg:9795,通用控制变量,1,中
CARHM2,global int tag 1105,1st.prg:11534,1st.prg:9796,通用控制变量,2,中
CARHM4,global int tag 1405,1st.prg:11655,1st.prg:9794,通用控制变量,4,中
CARZ_AxisNum,global int,1st.prg:7362;1st.prg:7596;1st.prg:7597;1st.prg:8862;1st.prg:10847;1st.prg:10952,1st.prg:9100,通用控制变量,,中
CARZ_PM2_AxisNum,global int,1st.prg:6791;1st.prg:6863;1st.prg:6864;1st.prg:8862;1st.prg:10847;1st.prg:10952,1st.prg:9112,通用控制变量,,中
CARZ_PM2_StatusWord,global int,1st.prg:6793;1st.prg:6866,1st.prg:6865,通用控制变量,,中
CARZ_PM_AxisNum,global int,1st.prg:6791;1st.prg:6856;1st.prg:6857;1st.prg:8862;1st.prg:10847;1st.prg:10952,1st.prg:9107,通用控制变量,,中
CARZ_PM_StatusWord,global int,1st.prg:6793;1st.prg:6859,1st.prg:6858,通用控制变量,,中
CARZ_StatusWord,global int,1st.prg:7400;1st.prg:7600,1st.prg:7599,通用控制变量,,中
CERRA,unknown unknown,,1st.prg:777;1st.prg:1424,故障/错误阈值或报警状态,,中
CERRI,unknown unknown,1st.prg:46;1st.prg:744;1st.prg:1963;1st.prg:2656;1st.prg:3349;1st.prg:4042;1st.prg:4735;1st.prg:5428;1st.prg:10703;1st.prg:10705,1st.prg:44;1st.prg:223;1st.prg:249;1st.prg:549;1st.prg:742;1st.prg:775;1st.prg:830;1st.prg:856;1st.prg:1156;1st.prg:1350;1st.prg:1422;1st.prg:1961;1st.prg:2140;1st.prg:2166;1st.prg:2466;1st.prg:2654;1st.prg:2833;1st.prg:2859;1st.prg:3159;1st.prg:3347;1st.prg:3526;1st.prg:3552;1st.prg:3852;1st.prg:4040;1st.prg:4219;1st.prg:4245;1st.prg:4545;1st.prg:4733;1st.prg:4912;1st.prg:4938;1st.prg:5238;1st.prg:5426;1st.prg:5605;1st.prg:5631;1st.prg:5931;1st.prg:10716;1st.prg:10717;1st.prg:10773;1st.prg:10774;1st.prg:10816;1st.prg:10818,故障/错误阈值或报警状态,,中
CERRV,unknown unknown,1st.prg:47;1st.prg:745;1st.prg:1964;1st.prg:2657;1st.prg:3350;1st.prg:4043;1st.prg:4736;1st.prg:5429;1st.prg:10704;1st.prg:10706,1st.prg:45;1st.prg:224;1st.prg:248;1st.prg:548;1st.prg:743;1st.prg:776;1st.prg:831;1st.prg:855;1st.prg:1155;1st.prg:1349;1st.prg:1423;1st.prg:1962;1st.prg:2141;1st.prg:2165;1st.prg:2465;1st.prg:2655;1st.prg:2834;1st.prg:2858;1st.prg:3158;1st.prg:3348;1st.prg:3527;1st.prg:3551;1st.prg:3851;1st.prg:4041;1st.prg:4220;1st.prg:4244;1st.prg:4544;1st.prg:4734;1st.prg:4913;1st.prg:4937;1st.prg:5237;1st.prg:5427;1st.prg:5606;1st.prg:5630;1st.prg:5930;1st.prg:10718;1st.prg:10719;1st.prg:10775;1st.prg:10776;1st.prg:10817;1st.prg:10819,故障/错误阈值或报警状态,,中
CHARGEVOLUME_SP,global int,1st.prg:6127;1st.prg:6475;1st.prg:6477;1st.prg:6614,1st.prg:6655,设定值/目标位置,,高
CONID,unknown unknown,,1st.prg:8985,通用控制变量,,中
CONTROLLERMODELNUM,global int,1st.prg:8255;1st.prg:8266;1st.prg:8295;1st.prg:8333;1st.prg:8339;1st.prg:8720;1st.prg:8934;1st.prg:8986;1st.prg:9130;1st.prg:9881;1st.prg:9900;1st.prg:10544;1st.prg:10809;1st.prg:11420,1st.prg:8931,通用控制变量,,中
ChargeVolumeSP,global real tag 1829,1st.prg:6655;1st.prg:11822,1st.prg:6547,设定值/目标位置,,高
CmdThreshold,local real,1st.prg:7834;1st.prg:7891;1st.prg:7906;1st.prg:7922;1st.prg:7937,1st.prg:7837,局部计算/临时变量,,低
CmdWindowTimeLength,local real,1st.prg:7836;1st.prg:7892;1st.prg:7907;1st.prg:7923;1st.prg:7938,1st.prg:7840,局部计算/临时变量,,低
CommandWord,global int tag 1826,1st.prg:6659;1st.prg:6660;1st.prg:6661;1st.prg:6662;1st.prg:6666;1st.prg:11810,,通用控制变量,,中
CommandWord.0,special bit,1st.prg:6580;1st.prg:6659,1st.prg:6580,通用控制变量,0,中
CommandWord.1,special bit,1st.prg:6581;1st.prg:6660,1st.prg:6581,通用控制变量,1,中
CommandWord.2,special bit,1st.prg:6582;1st.prg:6661,1st.prg:6582,通用控制变量,2,中
CommandWord.3,special bit,1st.prg:6583;1st.prg:6662,1st.prg:6583,通用控制变量,3,中
CommandWord.4,special bit,1st.prg:6666,,通用控制变量,4,中
ConditionsOkForFeedON,local int,1st.prg:6635;1st.prg:6660,1st.prg:6650,局部计算/临时变量,,低
ConditionsOkForPogON,local int,1st.prg:6635;1st.prg:6659,1st.prg:6649,局部计算/临时变量,,低
ControlProcessState0,global int tag 1021,1st.prg:11509,1st.prg:9927,通用控制变量,0,中
ControlProcessState1,global int tag 1221,1st.prg:1817;1st.prg:1835;1st.prg:1852;1st.prg:1863;1st.prg:1874;1st.prg:1886;1st.prg:11591,1st.prg:734;1st.prg:1528;1st.prg:1538;1st.prg:1570;1st.prg:1607;1st.prg:1646;1st.prg:1664;1st.prg:1680;1st.prg:1781;1st.prg:1791;1st.prg:1818;1st.prg:1821;1st.prg:1836;1st.prg:1839;1st.prg:1855;1st.prg:1866;1st.prg:1876;1st.prg:1889;1st.prg:9928,通用控制变量,1,中
ControlProcessState2,global int tag 1121,1st.prg:11550,1st.prg:9929,通用控制变量,2,中
ControlProcessState3,global int tag 1321,1st.prg:11631,1st.prg:9930,通用控制变量,3,中
ControlProcessState4,global int tag 1421,1st.prg:11671,1st.prg:9931,通用控制变量,4,中
ControlProcessState5,global int tag 1621,1st.prg:11749,1st.prg:9932,通用控制变量,5,中
ControlProcessState6,global int tag 1521,1st.prg:11710,1st.prg:9933,通用控制变量,6,中
ControlProcessState7,global int tag 1721,1st.prg:11788,1st.prg:9934,通用控制变量,7,中
D,global axisdef,1st.prg:11409,,通用控制变量,,中
DCOM,unknown unknown,1st.prg:189;1st.prg:195;1st.prg:201;1st.prg:2033;1st.prg:2106;1st.prg:2112;1st.prg:2118;1st.prg:2726;1st.prg:2799;1st.prg:2805;1st.prg:2811;1st.prg:3419;1st.prg:3492;1st.prg:3498;1st.prg:3504;1st.prg:4112;1st.prg:4185;1st.prg:4191;1st.prg:4197;1st.prg:4805;1st.prg:4878;1st.prg:4884;1st.prg:4890;1st.prg:5498;1st.prg:5571;1st.prg:5577;1st.prg:5583;1st.prg:8144;1st.prg:8178;1st.prg:8184;1st.prg:8190,1st.prg:117;1st.prg:133;1st.prg:2034;1st.prg:2050;1st.prg:2727;1st.prg:2743;1st.prg:3420;1st.prg:3436;1st.prg:4113;1st.prg:4129;1st.prg:4806;1st.prg:4822;1st.prg:5499;1st.prg:5515;1st.prg:8145;1st.prg:8161,通用控制变量,,中
DEC,unknown unknown,1st.prg:1988;1st.prg:2020;1st.prg:2681;1st.prg:2713;1st.prg:3374;1st.prg:3406;1st.prg:4067;1st.prg:4099;1st.prg:4760;1st.prg:4792;1st.prg:5453;1st.prg:5485;1st.prg:8616;1st.prg:8725;1st.prg:8749;1st.prg:9160;1st.prg:9170;1st.prg:9180;1st.prg:9189;1st.prg:9200;1st.prg:9208;1st.prg:9441;1st.prg:9451;1st.prg:9461;1st.prg:9471,1st.prg:143;1st.prg:1427;1st.prg:2060;1st.prg:2753;1st.prg:3446;1st.prg:4139;1st.prg:4832;1st.prg:5525;1st.prg:8383;1st.prg:8384;1st.prg:8394;1st.prg:8395;1st.prg:8504;1st.prg:8505;1st.prg:9159;1st.prg:9169;1st.prg:9179;1st.prg:9188;1st.prg:9199;1st.prg:9207,运动参数/速度曲线,,高
DINPUT0,global int tag 1003,1st.prg:7465;1st.prg:8296;1st.prg:8299;1st.prg:9477;1st.prg:11491,,IO 信号,0,中
DINPUT0.0,special bit,1st.prg:9799;1st.prg:9801,1st.prg:9799;1st.prg:9801,IO 信号,0,中
DINPUT0.1,special bit,1st.prg:9756;1st.prg:9775,1st.prg:9756;1st.prg:9775,IO 信号,1,中
DINPUT0.10,special bit,1st.prg:9879,1st.prg:9879,IO 信号,0,中
DINPUT0.3,special bit,1st.prg:9849,1st.prg:9849,IO 信号,3,中
DINPUT0.4,special bit,1st.prg:9901;1st.prg:9906;1st.prg:9912,1st.prg:9901;1st.prg:9906;1st.prg:9912,IO 信号,4,中
DINPUT0.5,special bit,1st.prg:8296;1st.prg:8299;1st.prg:8307;1st.prg:9477;1st.prg:9478,1st.prg:8307;1st.prg:9478,IO 信号,5,中
DINPUT0.8,special bit,1st.prg:9858,1st.prg:9858,IO 信号,,中
DINPUT0.9,special bit,1st.prg:7465;1st.prg:9868;1st.prg:9870,1st.prg:9868;1st.prg:9870,IO 信号,,中
DINPUT1,global int tag 1203,1st.prg:11573,,IO 信号,1,中
DINPUT1.0,special bit,1st.prg:9805;1st.prg:9807;1st.prg:9810,1st.prg:9805;1st.prg:9807;1st.prg:9810,IO 信号,0,中
DINPUT1.1,special bit,1st.prg:9758;1st.prg:9777,1st.prg:9758;1st.prg:9777,IO 信号,1,中
DINPUT1.10,special bit,1st.prg:9882;1st.prg:9885;1st.prg:9889,1st.prg:9882;1st.prg:9885;1st.prg:9889,IO 信号,0,中
DINPUT1.3,special bit,1st.prg:9850,1st.prg:9850,IO 信号,3,中
DINPUT1.4,special bit,1st.prg:9902;1st.prg:9907;1st.prg:9913,1st.prg:9902;1st.prg:9907;1st.prg:9913,IO 信号,4,中
DINPUT1.6,special bit,1st.prg:9923,1st.prg:9923,IO 信号,6,中
DINPUT1.7,special bit,1st.prg:9808,1st.prg:9808,IO 信号,7,中
DINPUT1.8,special bit,1st.prg:9859,1st.prg:9859,IO 信号,,中
DINPUT2,global int tag 1103,1st.prg:11532,,IO 信号,2,中
DINPUT2.0,special bit,1st.prg:9813;1st.prg:9815,1st.prg:9813;1st.prg:9815,IO 信号,0,中
DINPUT2.1,special bit,1st.prg:9760;1st.prg:9779,1st.prg:9760;1st.prg:9779,IO 信号,1,中
DINPUT2.10,special bit,1st.prg:9883;1st.prg:9886;1st.prg:9890;1st.prg:9909,1st.prg:9883;1st.prg:9886;1st.prg:9890;1st.prg:9909,IO 信号,0,中
DINPUT2.2,special bit,1st.prg:9752,1st.prg:9752,IO 信号,2,中
DINPUT2.3,special bit,1st.prg:9851,1st.prg:9851,IO 信号,3,中
DINPUT2.4,special bit,1st.prg:9903;1st.prg:9908;1st.prg:9914,1st.prg:9903;1st.prg:9908;1st.prg:9914,IO 信号,4,中
DINPUT2.8,special bit,1st.prg:9860,1st.prg:9860,IO 信号,,中
DINPUT3,global int tag 1303,1st.prg:11614,,IO 信号,3,中
DINPUT3.0,special bit,1st.prg:9818;1st.prg:9822,1st.prg:9818;1st.prg:9822,IO 信号,0,中
DINPUT3.1,special bit,1st.prg:9762;1st.prg:9781,1st.prg:9762;1st.prg:9781,IO 信号,1,中
DINPUT3.10,special bit,1st.prg:9892,1st.prg:9892,IO 信号,0,中
DINPUT3.3,special bit,1st.prg:9852,1st.prg:9852,IO 信号,3,中
DINPUT3.4,special bit,1st.prg:9917,1st.prg:9917,IO 信号,4,中
DINPUT3.8,special bit,1st.prg:9861,1st.prg:9861,IO 信号,,中
DINPUT4,global int tag 1403,1st.prg:11653,,IO 信号,4,中
DINPUT4.0,special bit,1st.prg:9825;1st.prg:9827,1st.prg:9825;1st.prg:9827,IO 信号,0,中
DINPUT4.1,special bit,1st.prg:9764;1st.prg:9783,1st.prg:9764;1st.prg:9783,IO 信号,1,中
DINPUT4.10,special bit,1st.prg:9893,1st.prg:9893,IO 信号,0,中
DINPUT4.3,special bit,1st.prg:9853,1st.prg:9853,IO 信号,3,中
DINPUT4.4,special bit,1st.prg:9918,1st.prg:9918,IO 信号,4,中
DINPUT4.8,special bit,1st.prg:9862,1st.prg:9862,IO 信号,,中
DINPUT5,global int tag 1603,1st.prg:11732,,IO 信号,5,中
DINPUT5.0,special bit,1st.prg:9830;1st.prg:9832,1st.prg:9830;1st.prg:9832,IO 信号,0,中
DINPUT5.1,special bit,1st.prg:9766;1st.prg:9785,1st.prg:9766;1st.prg:9785,IO 信号,1,中
DINPUT5.10,special bit,1st.prg:9894,1st.prg:9894,IO 信号,0,中
DINPUT5.3,special bit,1st.prg:9854,1st.prg:9854,IO 信号,3,中
DINPUT5.4,special bit,1st.prg:9919,1st.prg:9919,IO 信号,4,中
DINPUT5.8,special bit,1st.prg:9863,1st.prg:9863,IO 信号,,中
DINPUT6,global int tag 1503,1st.prg:11693,,IO 信号,6,中
DINPUT6.0,special bit,1st.prg:9835;1st.prg:9837,1st.prg:9835;1st.prg:9837,IO 信号,0,中
DINPUT6.1,special bit,1st.prg:9768;1st.prg:9787,1st.prg:9768;1st.prg:9787,IO 信号,1,中
DINPUT6.10,special bit,1st.prg:9895,1st.prg:9895,IO 信号,0,中
DINPUT6.3,special bit,1st.prg:9855,1st.prg:9855,IO 信号,3,中
DINPUT6.4,special bit,1st.prg:9920,1st.prg:9920,IO 信号,4,中
DINPUT6.8,special bit,1st.prg:9864,1st.prg:9864,IO 信号,,中
DINPUT7,global int tag 1703,1st.prg:11771,,IO 信号,7,中
DINPUT7.0,special bit,1st.prg:9840;1st.prg:9842,1st.prg:9840;1st.prg:9842,IO 信号,0,中
DINPUT7.1,special bit,1st.prg:9770;1st.prg:9789,1st.prg:9770;1st.prg:9789,IO 信号,1,中
DINPUT7.10,special bit,1st.prg:9896,1st.prg:9896,IO 信号,0,中
DINPUT7.3,special bit,1st.prg:9856,1st.prg:9856,IO 信号,3,中
DINPUT7.4,special bit,1st.prg:9921,1st.prg:9921,IO 信号,4,中
DINPUT7.8,special bit,1st.prg:9865,1st.prg:9865,IO 信号,,中
Datalog,global real,1st.prg:21;1st.prg:611;1st.prg:617;1st.prg:618;1st.prg:628;1st.prg:630;1st.prg:719;1st.prg:1218;1st.prg:1224;1st.prg:1225;1st.prg:1235;1st.prg:1237;1st.prg:1938;1st.prg:2528;1st.prg:2534;1st.prg:2535;1st.prg:2545;1st.prg:2547;1st.prg:2631;1st.prg:3221;1st.prg:3227;1st.prg:3228;1st.prg:3238;1st.prg:3240;1st.prg:3324;1st.prg:3914;1st.prg:3920;1st.prg:3921;1st.prg:3931;1st.prg:3933;1st.prg:4017;1st.prg:4607;1st.prg:4613;1st.prg:4614;1st.prg:4624;1st.prg:4626;1st.prg:4710;1st.prg:5300;1st.prg:5306;1st.prg:5307;1st.prg:5317;1st.prg:5319;1st.prg:5403;1st.prg:5993;1st.prg:5999;1st.prg:6000;1st.prg:6010;1st.prg:6012,,通用控制变量,,中
DefineHomeBit,local int,1st.prg:10862;1st.prg:11212;1st.prg:11242;1st.prg:11243;1st.prg:11244;1st.prg:11245;1st.prg:11246;1st.prg:11247;1st.prg:11248;1st.prg:11249,1st.prg:11202;1st.prg:11203;1st.prg:11204;1st.prg:11205;1st.prg:11206;1st.prg:11207;1st.prg:11208;1st.prg:11209;1st.prg:11236,局部计算/临时变量,,低
DefineHomeFlag,local int,1st.prg:10859,,局部计算/临时变量,,低
DirFlipperRot,local real,1st.prg:8221,,故障/错误阈值或报警状态,,中
Direction_Read,local int,1st.prg:6180;1st.prg:6234;1st.prg:6913;1st.prg:6945;1st.prg:7162;1st.prg:7188;1st.prg:7270;1st.prg:7295;1st.prg:7379;1st.prg:7411;1st.prg:7416;1st.prg:7422,1st.prg:6210;1st.prg:6921;1st.prg:7164;1st.prg:7272;1st.prg:7381,局部计算/临时变量,,低
Direction_Write,local int,1st.prg:6180;1st.prg:6242;1st.prg:6913;1st.prg:7162;1st.prg:7270;1st.prg:7379,1st.prg:6209;1st.prg:6920;1st.prg:7163;1st.prg:7271;1st.prg:7380,局部计算/临时变量,,低
DynNegativeLimit,unknown unknown,1st.prg:11826,1st.prg:6780,运动参数/速度曲线,,高
DynPositiveLimit,unknown unknown,1st.prg:11827,1st.prg:6781,运动参数/速度曲线,,高
ElapsedTime,local real,1st.prg:8836;1st.prg:9950,1st.prg:9948,局部计算/临时变量,,低
ExecutingMove,unknown unknown,1st.prg:11114,1st.prg:10887;1st.prg:10888;1st.prg:10889;1st.prg:10890;1st.prg:10891;1st.prg:10892;1st.prg:10893;1st.prg:10894;1st.prg:11110;1st.prg:11116,通用控制变量,,中
ExecutingMoveExt,global int,1st.prg:8230;1st.prg:8351;1st.prg:8424;1st.prg:8840;1st.prg:9901;1st.prg:9906;1st.prg:10374;1st.prg:10668,1st.prg:8239;1st.prg:8419;1st.prg:8426;1st.prg:10385;1st.prg:10677,通用控制变量,,中
ExecutingMoveRot,global int,1st.prg:8230;1st.prg:8450;1st.prg:8530;1st.prg:8840;1st.prg:9902;1st.prg:9908;1st.prg:10374;1st.prg:10668,1st.prg:8237;1st.prg:8525;1st.prg:8532;1st.prg:10382;1st.prg:10674,通用控制变量,,中
FAULT(0).#CPE,special bit,1st.prg:8304;1st.prg:10751,,故障/错误阈值或报警状态,0,高
FAULT(AxisNum).#CPE,special bit,1st.prg:10053,,故障/错误阈值或报警状态,AxisNum,高
FAULT(AxisNum).#SLL,special bit,1st.prg:9980,,故障/错误阈值或报警状态,AxisNum,高
FAULT(AxisNum).#SRL,special bit,1st.prg:9996,,故障/错误阈值或报警状态,AxisNum,高
FAULT(ROBOTAXISNUMH).#CPE,special bit,1st.prg:10024,,故障/错误阈值或报警状态,ROBOTAXISNUMH,高
FAULT(ROBOTAXISNUML).#CPE,special bit,1st.prg:8304;1st.prg:10024;1st.prg:10751,,故障/错误阈值或报警状态,ROBOTAXISNUML,高
FAULT(SP_Axis).#LL,special bit,1st.prg:8180;1st.prg:8181;1st.prg:8183;1st.prg:8184,,故障/错误阈值或报警状态,SP_Axis,高
FAULT(SP_Axis).#RL,special bit,1st.prg:8180;1st.prg:8183;1st.prg:8184,,故障/错误阈值或报警状态,SP_Axis,高
FAULT(iAxisNum).#CPE,special bit,1st.prg:230;1st.prg:525;1st.prg:837;1st.prg:1132;1st.prg:1328;1st.prg:2147;1st.prg:2442;1st.prg:2840;1st.prg:3135;1st.prg:3533;1st.prg:3828;1st.prg:4226;1st.prg:4521;1st.prg:4919;1st.prg:5214;1st.prg:5612;1st.prg:5907,,故障/错误阈值或报警状态,iAxisNum,高
FAULT(iAxisNum).#LL,special bit,1st.prg:191;1st.prg:192;1st.prg:194;1st.prg:195;1st.prg:2108;1st.prg:2109;1st.prg:2111;1st.prg:2112;1st.prg:2801;1st.prg:2802;1st.prg:2804;1st.prg:2805;1st.prg:3494;1st.prg:3495;1st.prg:3497;1st.prg:3498;1st.prg:4187;1st.prg:4188;1st.prg:4190;1st.prg:4191;1st.prg:4880;1st.prg:4881;1st.prg:4883;1st.prg:4884;1st.prg:5573;1st.prg:5574;1st.prg:5576;1st.prg:5577,,故障/错误阈值或报警状态,iAxisNum,高
FAULT(iAxisNum).#RL,special bit,1st.prg:191;1st.prg:194;1st.prg:195;1st.prg:2108;1st.prg:2111;1st.prg:2112;1st.prg:2801;1st.prg:2804;1st.prg:2805;1st.prg:3494;1st.prg:3497;1st.prg:3498;1st.prg:4187;1st.prg:4190;1st.prg:4191;1st.prg:4880;1st.prg:4883;1st.prg:4884;1st.prg:5573;1st.prg:5576;1st.prg:5577,,故障/错误阈值或报警状态,iAxisNum,高
FB_ERR_DELTA,local real,1st.prg:1396;1st.prg:1706;1st.prg:1708,1st.prg:1527;1st.prg:1577;1st.prg:1614;1st.prg:1709,故障/错误阈值或报警状态,,中
FB_error,local real,1st.prg:1396;1st.prg:1527;1st.prg:1577;1st.prg:1614;1st.prg:1704;1st.prg:1706;1st.prg:1708;1st.prg:1709,1st.prg:1762,故障/错误阈值或报警状态,,中
FDEF(0).#CPE,special bit,1st.prg:8300;1st.prg:8310;1st.prg:10533;1st.prg:10731;1st.prg:10781,1st.prg:8300;1st.prg:8310;1st.prg:10533;1st.prg:10731;1st.prg:10781,通用控制变量,0,高
FDEF(0).#LL,special bit,1st.prg:10692,1st.prg:10692,通用控制变量,0,中
FDEF(0).#RL,special bit,1st.prg:10693,1st.prg:10693,通用控制变量,0,中
FDEF(ROBOTAXISNUML).#CPE,special bit,1st.prg:8301;1st.prg:8311;1st.prg:10534;1st.prg:10732;1st.prg:10782,1st.prg:8301;1st.prg:8311;1st.prg:10534;1st.prg:10732;1st.prg:10782,通用控制变量,ROBOTAXISNUML,高
FDEF(ROBOTAXISNUML).#LL,special bit,1st.prg:10694,1st.prg:10694,通用控制变量,ROBOTAXISNUML,中
FDEF(ROBOTAXISNUML).#RL,special bit,1st.prg:10695,1st.prg:10695,通用控制变量,ROBOTAXISNUML,中
FDEF(iAxisNum).#CPE,special bit,1st.prg:227;1st.prg:250;1st.prg:276;1st.prg:359;1st.prg:455;1st.prg:470;1st.prg:522;1st.prg:550;1st.prg:576;1st.prg:669;1st.prg:834;1st.prg:857;1st.prg:883;1st.prg:966;1st.prg:1062;1st.prg:1077;1st.prg:1129;1st.prg:1157;1st.prg:1183;1st.prg:1276;1st.prg:1324;1st.prg:1380;1st.prg:2144;1st.prg:2167;1st.prg:2193;1st.prg:2276;1st.prg:2372;1st.prg:2387;1st.prg:2439;1st.prg:2467;1st.prg:2493;1st.prg:2586;1st.prg:2837;1st.prg:2860;1st.prg:2886;1st.prg:2969;1st.prg:3065;1st.prg:3080;1st.prg:3132;1st.prg:3160;1st.prg:3186;1st.prg:3279;1st.prg:3530;1st.prg:3553;1st.prg:3579;1st.prg:3662;1st.prg:3758;1st.prg:3773;1st.prg:3825;1st.prg:3853;1st.prg:3879;1st.prg:3972;1st.prg:4223;1st.prg:4246;1st.prg:4272;1st.prg:4355;1st.prg:4451;1st.prg:4466;1st.prg:4518;1st.prg:4546;1st.prg:4572;1st.prg:4665;1st.prg:4916;1st.prg:4939;1st.prg:4965;1st.prg:5048;1st.prg:5144;1st.prg:5159;1st.prg:5211;1st.prg:5239;1st.prg:5265;1st.prg:5358;1st.prg:5609;1st.prg:5632;1st.prg:5658;1st.prg:5741;1st.prg:5837;1st.prg:5852;1st.prg:5904;1st.prg:5932;1st.prg:5958;1st.prg:6051,1st.prg:227;1st.prg:250;1st.prg:276;1st.prg:359;1st.prg:455;1st.prg:470;1st.prg:522;1st.prg:550;1st.prg:576;1st.prg:669;1st.prg:834;1st.prg:857;1st.prg:883;1st.prg:966;1st.prg:1062;1st.prg:1077;1st.prg:1129;1st.prg:1157;1st.prg:1183;1st.prg:1276;1st.prg:1324;1st.prg:1380;1st.prg:2144;1st.prg:2167;1st.prg:2193;1st.prg:2276;1st.prg:2372;1st.prg:2387;1st.prg:2439;1st.prg:2467;1st.prg:2493;1st.prg:2586;1st.prg:2837;1st.prg:2860;1st.prg:2886;1st.prg:2969;1st.prg:3065;1st.prg:3080;1st.prg:3132;1st.prg:3160;1st.prg:3186;1st.prg:3279;1st.prg:3530;1st.prg:3553;1st.prg:3579;1st.prg:3662;1st.prg:3758;1st.prg:3773;1st.prg:3825;1st.prg:3853;1st.prg:3879;1st.prg:3972;1st.prg:4223;1st.prg:4246;1st.prg:4272;1st.prg:4355;1st.prg:4451;1st.prg:4466;1st.prg:4518;1st.prg:4546;1st.prg:4572;1st.prg:4665;1st.prg:4916;1st.prg:4939;1st.prg:4965;1st.prg:5048;1st.prg:5144;1st.prg:5159;1st.prg:5211;1st.prg:5239;1st.prg:5265;1st.prg:5358;1st.prg:5609;1st.prg:5632;1st.prg:5658;1st.prg:5741;1st.prg:5837;1st.prg:5852;1st.prg:5904;1st.prg:5932;1st.prg:5958;1st.prg:6051,通用控制变量,iAxisNum,高
FDEF(iAxisNum).#LL,special bit,1st.prg:164;1st.prg:168;1st.prg:210;1st.prg:285;1st.prg:374;1st.prg:502;1st.prg:586;1st.prg:790;1st.prg:794;1st.prg:817;1st.prg:892;1st.prg:981;1st.prg:1109;1st.prg:1193;1st.prg:1309;1st.prg:2081;1st.prg:2085;1st.prg:2127;1st.prg:2202;1st.prg:2291;1st.prg:2419;1st.prg:2503;1st.prg:2774;1st.prg:2778;1st.prg:2820;1st.prg:2895;1st.prg:2984;1st.prg:3112;1st.prg:3196;1st.prg:3467;1st.prg:3471;1st.prg:3513;1st.prg:3588;1st.prg:3677;1st.prg:3805;1st.prg:3889;1st.prg:4160;1st.prg:4164;1st.prg:4206;1st.prg:4281;1st.prg:4370;1st.prg:4498;1st.prg:4582;1st.prg:4853;1st.prg:4857;1st.prg:4899;1st.prg:4974;1st.prg:5063;1st.prg:5191;1st.prg:5275;1st.prg:5546;1st.prg:5550;1st.prg:5592;1st.prg:5667;1st.prg:5756;1st.prg:5884;1st.prg:5968,1st.prg:164;1st.prg:168;1st.prg:210;1st.prg:285;1st.prg:374;1st.prg:502;1st.prg:586;1st.prg:790;1st.prg:794;1st.prg:817;1st.prg:892;1st.prg:981;1st.prg:1109;1st.prg:1193;1st.prg:1309;1st.prg:2081;1st.prg:2085;1st.prg:2127;1st.prg:2202;1st.prg:2291;1st.prg:2419;1st.prg:2503;1st.prg:2774;1st.prg:2778;1st.prg:2820;1st.prg:2895;1st.prg:2984;1st.prg:3112;1st.prg:3196;1st.prg:3467;1st.prg:3471;1st.prg:3513;1st.prg:3588;1st.prg:3677;1st.prg:3805;1st.prg:3889;1st.prg:4160;1st.prg:4164;1st.prg:4206;1st.prg:4281;1st.prg:4370;1st.prg:4498;1st.prg:4582;1st.prg:4853;1st.prg:4857;1st.prg:4899;1st.prg:4974;1st.prg:5063;1st.prg:5191;1st.prg:5275;1st.prg:5546;1st.prg:5550;1st.prg:5592;1st.prg:5667;1st.prg:5756;1st.prg:5884;1st.prg:5968,通用控制变量,iAxisNum,中
FDEF(iAxisNum).#RL,special bit,1st.prg:165;1st.prg:211;1st.prg:286;1st.prg:375;1st.prg:503;1st.prg:587;1st.prg:791;1st.prg:818;1st.prg:893;1st.prg:982;1st.prg:1110;1st.prg:1194;1st.prg:1310;1st.prg:2082;1st.prg:2128;1st.prg:2203;1st.prg:2292;1st.prg:2420;1st.prg:2504;1st.prg:2775;1st.prg:2821;1st.prg:2896;1st.prg:2985;1st.prg:3113;1st.prg:3197;1st.prg:3468;1st.prg:3514;1st.prg:3589;1st.prg:3678;1st.prg:3806;1st.prg:3890;1st.prg:4161;1st.prg:4207;1st.prg:4282;1st.prg:4371;1st.prg:4499;1st.prg:4583;1st.prg:4854;1st.prg:4900;1st.prg:4975;1st.prg:5064;1st.prg:5192;1st.prg:5276;1st.prg:5547;1st.prg:5593;1st.prg:5668;1st.prg:5757;1st.prg:5885;1st.prg:5969,1st.prg:165;1st.prg:211;1st.prg:286;1st.prg:375;1st.prg:503;1st.prg:587;1st.prg:791;1st.prg:818;1st.prg:893;1st.prg:982;1st.prg:1110;1st.prg:1194;1st.prg:1310;1st.prg:2082;1st.prg:2128;1st.prg:2203;1st.prg:2292;1st.prg:2420;1st.prg:2504;1st.prg:2775;1st.prg:2821;1st.prg:2896;1st.prg:2985;1st.prg:3113;1st.prg:3197;1st.prg:3468;1st.prg:3514;1st.prg:3589;1st.prg:3678;1st.prg:3806;1st.prg:3890;1st.prg:4161;1st.prg:4207;1st.prg:4282;1st.prg:4371;1st.prg:4499;1st.prg:4583;1st.prg:4854;1st.prg:4900;1st.prg:4975;1st.prg:5064;1st.prg:5192;1st.prg:5276;1st.prg:5547;1st.prg:5593;1st.prg:5668;1st.prg:5757;1st.prg:5885;1st.prg:5969,通用控制变量,iAxisNum,中
FEED_FLOW_MODE,global int,1st.prg:6132,1st.prg:6282,通用控制变量,,中
FEED_ON_FROM_STATUS1,local int,1st.prg:6114;1st.prg:6581,1st.prg:6272;1st.prg:6274,局部计算/临时变量,1,中
FEED_RDY,global int,1st.prg:6134;1st.prg:6618,1st.prg:6296,通用控制变量,,中
FMASK(iAxisIndex).#SLL,special bit,1st.prg:9163;1st.prg:9173;1st.prg:9181;1st.prg:9192;1st.prg:9201;1st.prg:9209,1st.prg:9163;1st.prg:9173;1st.prg:9181;1st.prg:9192;1st.prg:9201;1st.prg:9209,通用控制变量,iAxisIndex,中
FMASK(iAxisIndex).#SRL,special bit,1st.prg:9164;1st.prg:9174;1st.prg:9182;1st.prg:9193;1st.prg:9202;1st.prg:9210,1st.prg:9164;1st.prg:9174;1st.prg:9182;1st.prg:9193;1st.prg:9202;1st.prg:9210,通用控制变量,iAxisIndex,中
FMASK(iAxisNum).#SLL,special bit,1st.prg:52;1st.prg:53;1st.prg:176;1st.prg:750;1st.prg:751;1st.prg:802;1st.prg:1969;1st.prg:1970;1st.prg:2093;1st.prg:2662;1st.prg:2663;1st.prg:2786;1st.prg:3355;1st.prg:3356;1st.prg:3479;1st.prg:4048;1st.prg:4049;1st.prg:4172;1st.prg:4741;1st.prg:4742;1st.prg:4865;1st.prg:5434;1st.prg:5435;1st.prg:5558,1st.prg:53;1st.prg:176;1st.prg:751;1st.prg:802;1st.prg:1970;1st.prg:2093;1st.prg:2663;1st.prg:2786;1st.prg:3356;1st.prg:3479;1st.prg:4049;1st.prg:4172;1st.prg:4742;1st.prg:4865;1st.prg:5435;1st.prg:5558,通用控制变量,iAxisNum,中
FMASK(iAxisNum).#SRL,special bit,1st.prg:57;1st.prg:58;1st.prg:180;1st.prg:755;1st.prg:756;1st.prg:806;1st.prg:1974;1st.prg:1975;1st.prg:2097;1st.prg:2667;1st.prg:2668;1st.prg:2790;1st.prg:3360;1st.prg:3361;1st.prg:3483;1st.prg:4053;1st.prg:4054;1st.prg:4176;1st.prg:4746;1st.prg:4747;1st.prg:4869;1st.prg:5439;1st.prg:5440;1st.prg:5562,1st.prg:58;1st.prg:180;1st.prg:756;1st.prg:806;1st.prg:1975;1st.prg:2097;1st.prg:2668;1st.prg:2790;1st.prg:3361;1st.prg:3483;1st.prg:4054;1st.prg:4176;1st.prg:4747;1st.prg:4869;1st.prg:5440;1st.prg:5562,通用控制变量,iAxisNum,中
FPOS,unknown unknown,1st.prg:529;1st.prg:611;1st.prg:642;1st.prg:650;1st.prg:657;1st.prg:1136;1st.prg:1218;1st.prg:1249;1st.prg:1257;1st.prg:1264;1st.prg:1332;1st.prg:1541;1st.prg:2446;1st.prg:2528;1st.prg:2559;1st.prg:2567;1st.prg:2574;1st.prg:3139;1st.prg:3221;1st.prg:3252;1st.prg:3260;1st.prg:3267;1st.prg:3832;1st.prg:3914;1st.prg:3945;1st.prg:3953;1st.prg:3960;1st.prg:4525;1st.prg:4607;1st.prg:4638;1st.prg:4646;1st.prg:4653;1st.prg:5218;1st.prg:5300;1st.prg:5331;1st.prg:5339;1st.prg:5346;1st.prg:5911;1st.prg:5993;1st.prg:6024;1st.prg:6032;1st.prg:6039;1st.prg:7782;1st.prg:7789;1st.prg:7796;1st.prg:7803;1st.prg:7810;1st.prg:7818;1st.prg:8571;1st.prg:8573;1st.prg:8656;1st.prg:8658;1st.prg:8663;1st.prg:9430;1st.prg:9447;1st.prg:9457;1st.prg:9467;1st.prg:9867;1st.prg:10396;1st.prg:10454;1st.prg:10462;1st.prg:10491;1st.prg:10503,1st.prg:233;1st.prg:241;1st.prg:253;1st.prg:310;1st.prg:333;1st.prg:406;1st.prg:429;1st.prg:468;1st.prg:532;1st.prg:663;1st.prg:666;1st.prg:840;1st.prg:848;1st.prg:860;1st.prg:917;1st.prg:940;1st.prg:1013;1st.prg:1036;1st.prg:1075;1st.prg:1139;1st.prg:1270;1st.prg:1273;1st.prg:1335;1st.prg:2150;1st.prg:2158;1st.prg:2170;1st.prg:2227;1st.prg:2250;1st.prg:2323;1st.prg:2346;1st.prg:2385;1st.prg:2449;1st.prg:2580;1st.prg:2583;1st.prg:2843;1st.prg:2851;1st.prg:2863;1st.prg:2920;1st.prg:2943;1st.prg:3016;1st.prg:3039;1st.prg:3078;1st.prg:3142;1st.prg:3273;1st.prg:3276;1st.prg:3536;1st.prg:3544;1st.prg:3556;1st.prg:3613;1st.prg:3636;1st.prg:3709;1st.prg:3732;1st.prg:3771;1st.prg:3835;1st.prg:3966;1st.prg:3969;1st.prg:4229;1st.prg:4237;1st.prg:4249;1st.prg:4306;1st.prg:4329;1st.prg:4402;1st.prg:4425;1st.prg:4464;1st.prg:4528;1st.prg:4659;1st.prg:4662;1st.prg:4922;1st.prg:4930;1st.prg:4942;1st.prg:4999;1st.prg:5022;1st.prg:5095;1st.prg:5118;1st.prg:5157;1st.prg:5221;1st.prg:5352;1st.prg:5355;1st.prg:5615;1st.prg:5623;1st.prg:5635;1st.prg:5692;1st.prg:5715;1st.prg:5788;1st.prg:5811;1st.prg:5850;1st.prg:5914;1st.prg:6045;1st.prg:6048;1st.prg:10523;1st.prg:10524;1st.prg:10757;1st.prg:10758;1st.prg:10800;1st.prg:10801;1st.prg:11213,通用控制变量,,中
FRobot,global real,1st.prg:8212;1st.prg:8437;1st.prg:8584;1st.prg:8612;1st.prg:8721;1st.prg:8745;1st.prg:8847;1st.prg:9477,1st.prg:8577;1st.prg:8585;1st.prg:8587;1st.prg:8692,通用控制变量,,中
FaultTorq0,global real tag 1086,1st.prg:11523,1st.prg:8618;1st.prg:9547,故障/错误阈值或报警状态,0,高
FaultTorq1,global real tag 1286,1st.prg:11605,1st.prg:8727;1st.prg:9581,故障/错误阈值或报警状态,1,高
FaultTorq2,global real tag 1186,1st.prg:11564,1st.prg:8751;1st.prg:9595,故障/错误阈值或报警状态,2,高
FaultTorq3,global real tag 1386,1st.prg:11645,1st.prg:9610,故障/错误阈值或报警状态,3,高
FaultTorq4,global real tag 1486,1st.prg:11685,1st.prg:9625,故障/错误阈值或报警状态,4,高
FaultTorq5,global real tag 1686,1st.prg:11763,1st.prg:9641,故障/错误阈值或报警状态,5,高
FaultTorq6,global real tag 1586,1st.prg:11724,1st.prg:9658,故障/错误阈值或报警状态,6,高
FaultTorq7,global real tag 1786,1st.prg:11802,1st.prg:9675,故障/错误阈值或报警状态,7,高
FilteredIGSignal,global real,1st.prg:1394,,通用控制变量,,中
FineRotHoming,global int,1st.prg:7967;1st.prg:10373;1st.prg:10507;1st.prg:10535,1st.prg:7994;1st.prg:10381,通用控制变量,,中
FirstEdge,local real,1st.prg:638;1st.prg:646;1st.prg:653;1st.prg:660;1st.prg:1245;1st.prg:1253;1st.prg:1260;1st.prg:1267;1st.prg:2555;1st.prg:2563;1st.prg:2570;1st.prg:2577;1st.prg:3248;1st.prg:3256;1st.prg:3263;1st.prg:3270;1st.prg:3941;1st.prg:3949;1st.prg:3956;1st.prg:3963;1st.prg:4634;1st.prg:4642;1st.prg:4649;1st.prg:4656;1st.prg:5327;1st.prg:5335;1st.prg:5342;1st.prg:5349;1st.prg:6020;1st.prg:6028;1st.prg:6035;1st.prg:6042,1st.prg:642;1st.prg:650;1st.prg:1249;1st.prg:1257;1st.prg:2559;1st.prg:2567;1st.prg:3252;1st.prg:3260;1st.prg:3945;1st.prg:3953;1st.prg:4638;1st.prg:4646;1st.prg:5331;1st.prg:5339;1st.prg:6024;1st.prg:6032,局部计算/临时变量,,低
FlipperClampDTI,global real,1st.prg:8232;1st.prg:8358;1st.prg:8379;1st.prg:8380;1st.prg:8381;1st.prg:8382;1st.prg:8383;1st.prg:8384;1st.prg:8387;1st.prg:8388;1st.prg:8577;1st.prg:8843;1st.prg:9196;1st.prg:9197;1st.prg:9198;1st.prg:9199;1st.prg:10672;1st.prg:10745;1st.prg:10787,1st.prg:8914,通用控制变量,,中
FtCurrent_Of_Drive,local real,1st.prg:513;1st.prg:538;1st.prg:539;1st.prg:546;1st.prg:547;1st.prg:1120;1st.prg:1145;1st.prg:1146;1st.prg:1153;1st.prg:1154;1st.prg:2430;1st.prg:2455;1st.prg:2456;1st.prg:2463;1st.prg:2464;1st.prg:3123;1st.prg:3148;1st.prg:3149;1st.prg:3156;1st.prg:3157;1st.prg:3816;1st.prg:3841;1st.prg:3842;1st.prg:3849;1st.prg:3850;1st.prg:4509;1st.prg:4534;1st.prg:4535;1st.prg:4542;1st.prg:4543;1st.prg:5202;1st.prg:5227;1st.prg:5228;1st.prg:5235;1st.prg:5236;1st.prg:5895;1st.prg:5920;1st.prg:5921;1st.prg:5928;1st.prg:5929,1st.prg:515;1st.prg:1122;1st.prg:2432;1st.prg:3125;1st.prg:3818;1st.prg:4511;1st.prg:5204;1st.prg:5897,局部计算/临时变量,,低
FtdCarHomeSW,global int,1st.prg:591;1st.prg:641;1st.prg:649;1st.prg:656;1st.prg:1198;1st.prg:1248;1st.prg:1256;1st.prg:1263;1st.prg:2508;1st.prg:2558;1st.prg:2566;1st.prg:2573;1st.prg:3201;1st.prg:3251;1st.prg:3259;1st.prg:3266;1st.prg:3894;1st.prg:3944;1st.prg:3952;1st.prg:3959;1st.prg:4587;1st.prg:4637;1st.prg:4645;1st.prg:4652;1st.prg:5280;1st.prg:5330;1st.prg:5338;1st.prg:5345;1st.prg:5973;1st.prg:6023;1st.prg:6031;1st.prg:6038;1st.prg:9794;1st.prg:9795;1st.prg:9799;1st.prg:9805;1st.prg:9813;1st.prg:9818;1st.prg:9825;1st.prg:9830;1st.prg:9835;1st.prg:9840;1st.prg:10624;1st.prg:10627;1st.prg:10631;1st.prg:10634;1st.prg:10639;1st.prg:10642;1st.prg:10647;1st.prg:10650;1st.prg:11415,1st.prg:10604;1st.prg:10607;1st.prg:10610;1st.prg:10612;1st.prg:10614;1st.prg:10625;1st.prg:10628;1st.prg:10632;1st.prg:10635;1st.prg:10640;1st.prg:10643;1st.prg:10648;1st.prg:10651,通用控制变量,,中
G2M_BfmRetracted,unknown unknown,,1st.prg:7502,通用控制变量,,中
G2M_CAR_DOWN,global int,1st.prg:7363,1st.prg:7522,通用控制变量,,中
G2M_CAR_UP,global int,1st.prg:7363,1st.prg:7521,通用控制变量,,中
G2M_InjClearOfRobot,unknown unknown,,1st.prg:7483,通用控制变量,,中
G2M_LeakValveAllowedOpen,unknown unknown,,1st.prg:7499,通用控制变量,,中
G2M_MainShutterOpen,unknown unknown,,1st.prg:7501,通用控制变量,,中
G2M_MaxSpCAR,unknown unknown,1st.prg:7360;1st.prg:7619;1st.prg:7656;1st.prg:7658;1st.prg:7660,1st.prg:7329;1st.prg:7480,设定值/目标位置,,高
G2M_MaxSpGV,unknown unknown,1st.prg:7360;1st.prg:7619;1st.prg:7656;1st.prg:7658;1st.prg:7660,1st.prg:7328;1st.prg:7479,设定值/目标位置,,高
G2M_MaxSpPosLim,unknown unknown,1st.prg:7360;1st.prg:7619;1st.prg:7656;1st.prg:7658;1st.prg:7660,1st.prg:7330;1st.prg:7481,设定值/目标位置,,高
G2M_OkToMoveCAR,global int,1st.prg:7363;1st.prg:10847;1st.prg:10952,1st.prg:7520,通用控制变量,,中
G2M_OpenESV_Status,unknown unknown,,1st.prg:7498,通用控制变量,,中
G2M_PrepareForTransfer,unknown unknown,,1st.prg:7504,通用控制变量,,中
G2M_QcmLeCAR,unknown unknown,,1st.prg:7503,通用控制变量,,中
G2M_SafeToMoveInj,unknown unknown,,1st.prg:7500,通用控制变量,,中
G2M_SafeToMoveQcm,unknown unknown,1st.prg:7360;1st.prg:7619;1st.prg:7643,1st.prg:7331;1st.prg:7482,通用控制变量,,中
HMotorAngle,local real,1st.prg:8227,,局部计算/临时变量,,低
HMotorAngleBeforeExt,local real,1st.prg:8247;1st.prg:8407;1st.prg:8408,1st.prg:8352,局部计算/临时变量,,低
HMotorAngleBeforeRot,global real,1st.prg:8248;1st.prg:8457;1st.prg:8516,1st.prg:8452,通用控制变量,,中
HMotorPos,local real,1st.prg:8228,,局部计算/临时变量,,低
HW_Intlkd_BFMQCM_AxisNum1,global int,1st.prg:7153;1st.prg:7225;1st.prg:7226;1st.prg:8871;1st.prg:9136;1st.prg:9141,1st.prg:8877;1st.prg:9137,通用控制变量,1,中
HW_Intlkd_BFMQCM_AxisNum2,global int,1st.prg:7153;1st.prg:7234;1st.prg:7235;1st.prg:8871;1st.prg:9141,1st.prg:8878;1st.prg:9142,通用控制变量,2,中
Halted,local int,1st.prg:10860,1st.prg:10914;1st.prg:11118,局部计算/临时变量,,低
HmCurrent_Of_Drive,local real,1st.prg:513;1st.prg:517;1st.prg:518;1st.prg:538;1st.prg:539;1st.prg:1120;1st.prg:1124;1st.prg:1125;1st.prg:1145;1st.prg:1146;1st.prg:2430;1st.prg:2434;1st.prg:2435;1st.prg:2455;1st.prg:2456;1st.prg:3123;1st.prg:3127;1st.prg:3128;1st.prg:3148;1st.prg:3149;1st.prg:3816;1st.prg:3820;1st.prg:3821;1st.prg:3841;1st.prg:3842;1st.prg:4509;1st.prg:4513;1st.prg:4514;1st.prg:4534;1st.prg:4535;1st.prg:5202;1st.prg:5206;1st.prg:5207;1st.prg:5227;1st.prg:5228;1st.prg:5895;1st.prg:5899;1st.prg:5900;1st.prg:5920;1st.prg:5921,1st.prg:514;1st.prg:1121;1st.prg:2431;1st.prg:3124;1st.prg:3817;1st.prg:4510;1st.prg:5203;1st.prg:5896,局部计算/临时变量,,低
HomeFlagWidth,local real,1st.prg:10375;1st.prg:10466;1st.prg:10470;1st.prg:10476,1st.prg:10464,局部计算/临时变量,,低
HomeTorq0,global real tag 1087,1st.prg:11524,1st.prg:8619;1st.prg:9548,通用控制变量,0,中
HomeTorq1,global real tag 1287,1st.prg:11606,1st.prg:8728;1st.prg:9582,通用控制变量,1,中
HomeTorq2,global real tag 1187,1st.prg:11565,1st.prg:8752;1st.prg:9596,通用控制变量,2,中
HomeTorq3,global real tag 1387,1st.prg:11646,1st.prg:9611,通用控制变量,3,中
HomeTorq4,global real tag 1487,1st.prg:11686,1st.prg:9626,通用控制变量,4,中
HomeTorq5,global real tag 1687,1st.prg:11764,1st.prg:9642,通用控制变量,5,中
HomeTorq6,global real tag 1587,1st.prg:11725,1st.prg:9659,通用控制变量,6,中
HomeTorq7,global real tag 1787,1st.prg:11803,1st.prg:9676,通用控制变量,7,中
HomingCMDBit,local int,1st.prg:10861,,局部计算/临时变量,,低
HomingStartPoint,local real,1st.prg:10375;1st.prg:10440;1st.prg:10450;1st.prg:10452;1st.prg:10458;1st.prg:10460,1st.prg:10438,局部计算/临时变量,,低
I,global int,1st.prg:11412,,通用控制变量,,中
I0,global int,1st.prg:11412,,通用控制变量,0,中
I1,global int,1st.prg:11412,,通用控制变量,1,中
I2,global int,1st.prg:11412,,通用控制变量,2,中
I3,global int,1st.prg:11412,,通用控制变量,3,中
I4,global int,1st.prg:11412,,通用控制变量,4,中
I5,global int,1st.prg:11412,,通用控制变量,5,中
I6,global int,1st.prg:11412,,通用控制变量,6,中
I7,global int,1st.prg:11412,,通用控制变量,7,中
I8,global int,1st.prg:11412,,通用控制变量,,中
I9,global int,1st.prg:11412,,通用控制变量,,中
I90,global int,1st.prg:11412,,通用控制变量,0,中
I91,global int,1st.prg:11412,,通用控制变量,1,中
I92,global int,1st.prg:11412,,通用控制变量,2,中
I93,global int,1st.prg:11412,,通用控制变量,3,中
I94,global int,1st.prg:11412,,通用控制变量,4,中
I95,global int,1st.prg:11412,,通用控制变量,5,中
I96,global int,1st.prg:11412,,通用控制变量,6,中
I97,global int,1st.prg:11412,,通用控制变量,7,中
I98,global int,1st.prg:11412,,通用控制变量,,中
I99,global int,1st.prg:11412,,通用控制变量,,中
IGSignals,global real,1st.prg:1394;1st.prg:1452;1st.prg:1769,,通用控制变量,,中
IGValid,local int,1st.prg:1397;1st.prg:1534;1st.prg:1592;1st.prg:1628;1st.prg:1702,1st.prg:1416;1st.prg:1793,局部计算/临时变量,,低
IG_INTERCEPT,global real,1st.prg:1394;1st.prg:1486;1st.prg:1574;1st.prg:1581;1st.prg:1611;1st.prg:1617;1st.prg:1649;1st.prg:1754;1st.prg:1773;1st.prg:1824,1st.prg:1445,通用控制变量,,中
IG_SLOP,global real,1st.prg:1394;1st.prg:1486;1st.prg:1574;1st.prg:1581;1st.prg:1611;1st.prg:1617;1st.prg:1649;1st.prg:1754;1st.prg:1773;1st.prg:1824,1st.prg:1444,通用控制变量,,中
IN(0).0,special bit,1st.prg:9752;1st.prg:9796;1st.prg:9801;1st.prg:9807,,IO 信号,0,中
IN(0).1,special bit,1st.prg:9810,,IO 信号,1,中
IN(0).2,special bit,1st.prg:9417;1st.prg:9420;1st.prg:9815,,IO 信号,2,中
IN(0).3,special bit,1st.prg:9808;1st.prg:9822;1st.prg:9923,,IO 信号,3,中
IN(0).4,special bit,1st.prg:9827;1st.prg:10325;1st.prg:10357,,IO 信号,4,中
IN(0).5,special bit,1st.prg:8044;1st.prg:9226;1st.prg:9756;1st.prg:9758;1st.prg:9760;1st.prg:9762;1st.prg:9764;1st.prg:9766;1st.prg:9768;1st.prg:9770;1st.prg:9832;1st.prg:10180;1st.prg:10222,,IO 信号,5,中
IN(0).6,special bit,1st.prg:9837,,IO 信号,6,中
IN(0).7,special bit,1st.prg:9231;1st.prg:9775;1st.prg:9777;1st.prg:9779;1st.prg:9781;1st.prg:9783;1st.prg:9785;1st.prg:9787;1st.prg:9789;1st.prg:9842;1st.prg:10231;1st.prg:10273,,IO 信号,7,中
IN(0).iAxisNum,special bit,1st.prg:290;1st.prg:292;1st.prg:306;1st.prg:897;1st.prg:899;1st.prg:913;1st.prg:2207;1st.prg:2209;1st.prg:2223;1st.prg:2900;1st.prg:2902;1st.prg:2916;1st.prg:3593;1st.prg:3595;1st.prg:3609;1st.prg:4286;1st.prg:4288;1st.prg:4302;1st.prg:4979;1st.prg:4981;1st.prg:4995;1st.prg:5672;1st.prg:5674;1st.prg:5688,,IO 信号,0,中
IN(0).iIndex,special bit,1st.prg:10599;1st.prg:10610;1st.prg:10612,,IO 信号,0,中
IN_REMOTE_MODE,global int,1st.prg:6136;1st.prg:6395;1st.prg:6403;1st.prg:6418;1st.prg:6433;1st.prg:6447;1st.prg:6461;1st.prg:6475;1st.prg:6518;1st.prg:6621,1st.prg:6310,通用控制变量,,中
InRamping,local int,1st.prg:1397;1st.prg:1568;1st.prg:1647;1st.prg:1682,1st.prg:1442;1st.prg:1576;1st.prg:1613;1st.prg:1651;1st.prg:1745,局部计算/临时变量,,低
InjBlockingBFM,local int,1st.prg:6629;1st.prg:6729;1st.prg:6737;1st.prg:6748,,局部计算/临时变量,,低
InjBlockingMainShutter,local int,1st.prg:6629;1st.prg:6727;1st.prg:6736;1st.prg:6747,,局部计算/临时变量,,低
InjBlockingQCM,local int,1st.prg:6629;1st.prg:6731;1st.prg:6738;1st.prg:6749,,局部计算/临时变量,,低
InjBlockingRobot,local int,1st.prg:6629;1st.prg:6733;1st.prg:6739;1st.prg:6750,,局部计算/临时变量,,低
InputStatus0,global int tag 1000,1st.prg:11488,,通用控制变量,0,中
InputStatus1,global int tag 1200,1st.prg:11570,,通用控制变量,1,中
InputStatus2,global int tag 1100,1st.prg:11529,,通用控制变量,2,中
InputStatus3,global int tag 1300,1st.prg:11611,,通用控制变量,3,中
InputStatus4,global int tag 1400,1st.prg:11650,,通用控制变量,4,中
InputStatus5,global int tag 1600,1st.prg:11729,,通用控制变量,5,中
InputStatus6,global int tag 1500,1st.prg:11690,,通用控制变量,6,中
InputStatus7,global int tag 1700,1st.prg:11768,,通用控制变量,7,中
InstrumentID0,global int tag 1001,1st.prg:11489,1st.prg:8926,通用控制变量,0,中
InstrumentID1,global int tag 1201,1st.prg:11571,,通用控制变量,1,中
InstrumentID2,global int tag 1101,1st.prg:11530,,通用控制变量,2,中
InstrumentID3,global int tag 1301,1st.prg:11612,,通用控制变量,3,中
InstrumentID4,global int tag 1401,1st.prg:11651,,通用控制变量,4,中
InstrumentID5,global int tag 1601,1st.prg:11730,,通用控制变量,5,中
InstrumentID6,global int tag 1501,1st.prg:11691,,通用控制变量,6,中
InstrumentID7,global int tag 1701,1st.prg:11769,,通用控制变量,7,中
JERK,unknown unknown,1st.prg:1990;1st.prg:2021;1st.prg:2683;1st.prg:2714;1st.prg:3376;1st.prg:3407;1st.prg:4069;1st.prg:4100;1st.prg:4762;1st.prg:4793;1st.prg:5455;1st.prg:5486,1st.prg:145;1st.prg:1429;1st.prg:2062;1st.prg:2755;1st.prg:3448;1st.prg:4141;1st.prg:4834;1st.prg:5527;1st.prg:9218;1st.prg:9220,运动参数/速度曲线,,高
KDEC,unknown unknown,1st.prg:1989;1st.prg:2682;1st.prg:3375;1st.prg:4068;1st.prg:4761;1st.prg:5454,1st.prg:104;1st.prg:144;1st.prg:1428;1st.prg:2021;1st.prg:2061;1st.prg:2714;1st.prg:2754;1st.prg:3407;1st.prg:3447;1st.prg:4100;1st.prg:4140;1st.prg:4793;1st.prg:4833;1st.prg:5486;1st.prg:5526;1st.prg:8387;1st.prg:8388;1st.prg:8398;1st.prg:8399;1st.prg:8508;1st.prg:8509;1st.prg:9160;1st.prg:9170;1st.prg:9180;1st.prg:9189;1st.prg:9200;1st.prg:9208,运动参数/速度曲线,,高
KD_OUTPUT,local real,1st.prg:1399;1st.prg:1712,1st.prg:1706,局部计算/临时变量,,低
KI_OUTPUT,local real,1st.prg:1399;1st.prg:1712,1st.prg:1449;1st.prg:1575;1st.prg:1612;1st.prg:1650;1st.prg:1708,局部计算/临时变量,,低
KP_OUTPUT,local real,1st.prg:1399;1st.prg:1712,1st.prg:1704,局部计算/临时变量,,低
KillTraj0,global int tag 1018,1st.prg:8304;1st.prg:9518;1st.prg:10099;1st.prg:10101;1st.prg:10110;1st.prg:10140;1st.prg:11506,1st.prg:8905;1st.prg:10116;1st.prg:10141,通用控制变量,0,中
KillTraj1,global int tag 1218,1st.prg:9519;1st.prg:10099;1st.prg:10102;1st.prg:10148;1st.prg:11588,1st.prg:8906;1st.prg:10125;1st.prg:10149,通用控制变量,1,中
KillTraj2,global int tag 1118,1st.prg:9520;1st.prg:10099;1st.prg:10103;1st.prg:10144;1st.prg:11547,1st.prg:8907;1st.prg:10127;1st.prg:10145,通用控制变量,2,中
KillTraj3,global int tag 1318,1st.prg:9521;1st.prg:10099;1st.prg:10104;1st.prg:10152;1st.prg:11628,1st.prg:8908;1st.prg:10153,通用控制变量,3,中
KillTraj4,global int tag 1418,1st.prg:9522;1st.prg:10099;1st.prg:10105;1st.prg:10156;1st.prg:11668,1st.prg:8909;1st.prg:10157,通用控制变量,4,中
KillTraj5,global int tag 1618,1st.prg:9523;1st.prg:10099;1st.prg:10106;1st.prg:10160;1st.prg:11746,1st.prg:8910;1st.prg:10161,通用控制变量,5,中
KillTraj6,global int tag 1518,1st.prg:9524;1st.prg:10099;1st.prg:10107;1st.prg:10164;1st.prg:11707,1st.prg:8911;1st.prg:10165,通用控制变量,6,中
KillTraj7,global int tag 1718,1st.prg:9525;1st.prg:10099;1st.prg:10108;1st.prg:10168;1st.prg:11785,1st.prg:8912;1st.prg:10169,通用控制变量,7,中
L01_Heater2_failure,global int,1st.prg:6154;1st.prg:6358,1st.prg:6343,通用控制变量,,中
L03_Cooling_time_up,global int,1st.prg:6155;1st.prg:6358,1st.prg:6344,通用控制变量,,中
L05_Dry_pump_failure,global int,1st.prg:6156;1st.prg:6358,1st.prg:6345,通用控制变量,,中
L06_Vacuum_pressure_High,global int,1st.prg:6157;1st.prg:6358,1st.prg:6346,压力控制相关,,中
L07_Overtime_alarm_chamber_pumping,global int,1st.prg:6158;1st.prg:6358,1st.prg:6347,通用控制变量,,中
L08_Overtime_alarm_HICpumping,global int,1st.prg:6159;1st.prg:6358,1st.prg:6348,通用控制变量,,中
L20_Ozone_temperature_overrange,global int,1st.prg:6161;1st.prg:6358,1st.prg:6350,故障/错误阈值或报警状态,,中
L21_Temperature_controller_failure,global int,1st.prg:6162;1st.prg:6358,1st.prg:6351,通用控制变量,,中
L22_Discharge_pressure_failure,global int,1st.prg:6163;1st.prg:6358,1st.prg:6352,压力控制相关,,中
L23_Ozone_pressure_overrange,global int,1st.prg:6164;1st.prg:6358,1st.prg:6353,故障/错误阈值或报警状态,,中
L24_Chamber_Pressure_SensorFault1,global int,1st.prg:6165;1st.prg:6358,1st.prg:6354,故障/错误阈值或报警状态,1,高
L25_Chamber_Pressure_SensorFault2,global int,1st.prg:6166;1st.prg:6358,1st.prg:6355,故障/错误阈值或报警状态,2,高
LCOzoneFlowRateSP,global real tag 1830,1st.prg:6656;1st.prg:11823,1st.prg:6525,设定值/目标位置,,高
LC_BYPASSMODE_CMD,global int,1st.prg:6123;1st.prg:6418;1st.prg:6421;1st.prg:6615,1st.prg:6661,通用控制变量,,中
LC_BYPASSMODE_CMD_RB,local int,1st.prg:6109;1st.prg:6582,1st.prg:6555,局部计算/临时变量,,低
LC_MFC_SP,global int,1st.prg:6122;1st.prg:6403;1st.prg:6406;1st.prg:6614,1st.prg:6656,设定值/目标位置,,高
LLELEAXIS,global int,1st.prg:8044;1st.prg:9755;1st.prg:9757;1st.prg:9759;1st.prg:9761;1st.prg:9763;1st.prg:9765;1st.prg:9767;1st.prg:9769;1st.prg:10180;1st.prg:10181;1st.prg:10182;1st.prg:10184;1st.prg:10186;1st.prg:10190;1st.prg:10194;1st.prg:10198;1st.prg:10202;1st.prg:10206;1st.prg:10210;1st.prg:10214;1st.prg:10222;1st.prg:10224;1st.prg:11421,1st.prg:8932;1st.prg:9123,通用控制变量,,中
LLELEAXIS2,global int,1st.prg:9774;1st.prg:9776;1st.prg:9778;1st.prg:9780;1st.prg:9782;1st.prg:9784;1st.prg:9786;1st.prg:9788;1st.prg:10231;1st.prg:10232;1st.prg:10233;1st.prg:10235;1st.prg:10237;1st.prg:10241;1st.prg:10245;1st.prg:10249;1st.prg:10253;1st.prg:10257;1st.prg:10261;1st.prg:10265;1st.prg:10273;1st.prg:10275;1st.prg:11421,1st.prg:8933;1st.prg:9117,通用控制变量,2,中
LLJogging_Command,local int,1st.prg:6904;1st.prg:6982;1st.prg:7045;1st.prg:7047;1st.prg:7050,1st.prg:6915;1st.prg:6984;1st.prg:6986;1st.prg:6988,局部计算/临时变量,,低
LLJogging_Command_Old,local int,1st.prg:6904;1st.prg:7045,1st.prg:6917;1st.prg:6982,局部计算/临时变量,,低
LMotorAngle,local real,1st.prg:8227,,局部计算/临时变量,,低
LMotorAngleBeforeExt,local real,1st.prg:8247;1st.prg:8407;1st.prg:8408;1st.prg:8411,1st.prg:8353,局部计算/临时变量,,低
LMotorAngleBeforeRot,global real,1st.prg:8248;1st.prg:8455;1st.prg:8457;1st.prg:8461;1st.prg:8517,1st.prg:8451,通用控制变量,,中
LMotorPos,local real,1st.prg:8228,,局部计算/临时变量,,低
LPF_Beta,local real,1st.prg:8830,1st.prg:8831,局部计算/临时变量,,低
M2C_CARZ,global int,1st.prg:6791;1st.prg:6836;1st.prg:6853;1st.prg:6855;1st.prg:8862;1st.prg:9105;1st.prg:9377;1st.prg:10847;1st.prg:10952,1st.prg:9072;1st.prg:9106,通用控制变量,,中
M2C_CARZ2,global int,1st.prg:6791;1st.prg:6836;1st.prg:6853;1st.prg:6862;1st.prg:8862;1st.prg:9110;1st.prg:9377;1st.prg:10847;1st.prg:10952,1st.prg:9073;1st.prg:9111,通用控制变量,2,中
M2G_CARZ,global int,1st.prg:7362;1st.prg:7511;1st.prg:7575;1st.prg:8862;1st.prg:9098;1st.prg:9373;1st.prg:10847;1st.prg:10952,1st.prg:9071;1st.prg:9099,通用控制变量,,中
M2G_HeartBeatON,local int,1st.prg:7395;1st.prg:7458;1st.prg:7554,1st.prg:7459;1st.prg:7461,局部计算/临时变量,,低
M2G_InjClearOfBFM,global int,1st.prg:6630;1st.prg:7398;1st.prg:7562,1st.prg:6737,通用控制变量,,中
M2G_InjClearOfMainShutter,global int,1st.prg:6630;1st.prg:7398;1st.prg:7561,1st.prg:6736,通用控制变量,,中
M2G_InjClearOfQCM,global int,1st.prg:6630;1st.prg:7398;1st.prg:7560,1st.prg:6738,通用控制变量,,中
M2G_InjClearOfRobot,global int,1st.prg:6630;1st.prg:7398;1st.prg:7563,1st.prg:6739,通用控制变量,,中
M2G_InjPresent,global int,1st.prg:6630;1st.prg:6752;1st.prg:7398;1st.prg:7490;1st.prg:7551;1st.prg:7564;1st.prg:8862;1st.prg:9097,,通用控制变量,,中
M2G_LeakValveClosed,global int,1st.prg:6631;1st.prg:6670;1st.prg:7396;1st.prg:7557,1st.prg:7465,通用控制变量,,中
M2G_OpenESV,global int,1st.prg:6631;1st.prg:7396;1st.prg:7556,1st.prg:6666,通用控制变量,,中
M2G_QcmAtHome,unknown unknown,,1st.prg:7719;1st.prg:7721,通用控制变量,,中
M2G_QcmGtCAR,unknown unknown,,1st.prg:7704;1st.prg:7706,通用控制变量,,中
M2G_QcmLeCAR,unknown unknown,,1st.prg:7698;1st.prg:7700,通用控制变量,,中
M2G_QcmLeGV,unknown unknown,,1st.prg:7692;1st.prg:7694,通用控制变量,,中
M2G_QcmNotMoving,unknown unknown,,1st.prg:7711;1st.prg:7713,通用控制变量,,中
M2G_QcmPresent,unknown unknown,1st.prg:7669,1st.prg:7638;1st.prg:7640,通用控制变量,,中
MAXNUMOFAXIS,global int,1st.prg:7749;1st.prg:8442;1st.prg:8926;1st.prg:8928;1st.prg:9028;1st.prg:9082;1st.prg:9425;1st.prg:9845;1st.prg:9874;1st.prg:9979;1st.prg:9995;1st.prg:10052;1st.prg:10132;1st.prg:10285;1st.prg:10331;1st.prg:10583;1st.prg:10594;1st.prg:10913;1st.prg:10950;1st.prg:11211;1st.prg:11417,1st.prg:8924;1st.prg:8929,通用控制变量,,中
MFLAGS,unknown unknown,1st.prg:151;1st.prg:760;1st.prg:764;1st.prg:769;1st.prg:1979;1st.prg:2068;1st.prg:2672;1st.prg:2761;1st.prg:3365;1st.prg:3454;1st.prg:4058;1st.prg:4147;1st.prg:4751;1st.prg:4840;1st.prg:5444;1st.prg:5533;1st.prg:6727;1st.prg:6729;1st.prg:6731;1st.prg:6733;1st.prg:7226;1st.prg:7235;1st.prg:7560;1st.prg:7561;1st.prg:7562;1st.prg:7563;1st.prg:7691;1st.prg:7697;1st.prg:7703;1st.prg:7718;1st.prg:8253;1st.prg:8634;1st.prg:8775;1st.prg:9494;1st.prg:9846;1st.prg:10396;1st.prg:10554;1st.prg:10684,1st.prg:132;1st.prg:2049;1st.prg:2742;1st.prg:3435;1st.prg:4128;1st.prg:4821;1st.prg:5514;1st.prg:8160;1st.prg:9119;1st.prg:9125;1st.prg:9129;1st.prg:9184;1st.prg:9195;1st.prg:10013;1st.prg:10014;1st.prg:10444;1st.prg:10445,状态标志/运行状态,,高
MFLAGS(0).#DEFCON,special bit,1st.prg:10416;1st.prg:10419;1st.prg:10528;1st.prg:10733,1st.prg:10416;1st.prg:10419;1st.prg:10528;1st.prg:10733,状态标志/运行状态,0,高
MFLAGS(0).#HOME,special bit,1st.prg:6727;1st.prg:6729;1st.prg:6731;1st.prg:6733;1st.prg:7560;1st.prg:7561;1st.prg:7562;1st.prg:7563;1st.prg:10396;1st.prg:10554;1st.prg:10690;1st.prg:10831,1st.prg:10690;1st.prg:10831,状态标志/运行状态,0,高
MFLAGS(HW_Intlkd_BFMQCM_AxisNum1).#HOME,special bit,1st.prg:7226,,状态标志/运行状态,HW_Intlkd_BFMQCM_AxisNum1,高
MFLAGS(HW_Intlkd_BFMQCM_AxisNum2).#HOME,special bit,1st.prg:7235,,状态标志/运行状态,HW_Intlkd_BFMQCM_AxisNum2,高
MFLAGS(QcmAxis).#HOME,special bit,1st.prg:7691;1st.prg:7697;1st.prg:7703;1st.prg:7718,,状态标志/运行状态,QcmAxis,高
MFLAGS(ROBOTAXISNUMH).#DEFCON,special bit,1st.prg:8943,1st.prg:8943,状态标志/运行状态,ROBOTAXISNUMH,高
MFLAGS(ROBOTAXISNUMH).#HOME,special bit,1st.prg:8253,,状态标志/运行状态,ROBOTAXISNUMH,高
MFLAGS(ROBOTAXISNUML).#DEFCON,special bit,1st.prg:8944;1st.prg:10417;1st.prg:10734;1st.prg:10738;1st.prg:10828,1st.prg:8944;1st.prg:10417;1st.prg:10734;1st.prg:10738;1st.prg:10828,状态标志/运行状态,ROBOTAXISNUML,高
MFLAGS(ROBOTAXISNUML).#HOME,special bit,1st.prg:8253;1st.prg:10393;1st.prg:10398;1st.prg:10517;1st.prg:10536;1st.prg:10541;1st.prg:10554;1st.prg:10691,1st.prg:10393;1st.prg:10398;1st.prg:10517;1st.prg:10536;1st.prg:10541;1st.prg:10691,状态标志/运行状态,ROBOTAXISNUML,高
MFLAGS(iAxisNum).#HOME,special bit,1st.prg:48;1st.prg:209;1st.prg:277;1st.prg:284;1st.prg:360;1st.prg:373;1st.prg:456;1st.prg:471;1st.prg:501;1st.prg:577;1st.prg:585;1st.prg:670;1st.prg:746;1st.prg:816;1st.prg:884;1st.prg:891;1st.prg:967;1st.prg:980;1st.prg:1063;1st.prg:1078;1st.prg:1108;1st.prg:1184;1st.prg:1192;1st.prg:1277;1st.prg:1308;1st.prg:1381;1st.prg:1965;1st.prg:2126;1st.prg:2194;1st.prg:2201;1st.prg:2277;1st.prg:2290;1st.prg:2373;1st.prg:2388;1st.prg:2418;1st.prg:2494;1st.prg:2502;1st.prg:2587;1st.prg:2658;1st.prg:2819;1st.prg:2887;1st.prg:2894;1st.prg:2970;1st.prg:2983;1st.prg:3066;1st.prg:3081;1st.prg:3111;1st.prg:3187;1st.prg:3195;1st.prg:3280;1st.prg:3351;1st.prg:3512;1st.prg:3580;1st.prg:3587;1st.prg:3663;1st.prg:3676;1st.prg:3759;1st.prg:3774;1st.prg:3804;1st.prg:3880;1st.prg:3888;1st.prg:3973;1st.prg:4044;1st.prg:4205;1st.prg:4273;1st.prg:4280;1st.prg:4356;1st.prg:4369;1st.prg:4452;1st.prg:4467;1st.prg:4497;1st.prg:4573;1st.prg:4581;1st.prg:4666;1st.prg:4737;1st.prg:4898;1st.prg:4966;1st.prg:4973;1st.prg:5049;1st.prg:5062;1st.prg:5145;1st.prg:5160;1st.prg:5190;1st.prg:5266;1st.prg:5274;1st.prg:5359;1st.prg:5430;1st.prg:5591;1st.prg:5659;1st.prg:5666;1st.prg:5742;1st.prg:5755;1st.prg:5838;1st.prg:5853;1st.prg:5883;1st.prg:5959;1st.prg:5967;1st.prg:6052;1st.prg:11215,1st.prg:48;1st.prg:209;1st.prg:277;1st.prg:284;1st.prg:360;1st.prg:373;1st.prg:456;1st.prg:471;1st.prg:501;1st.prg:577;1st.prg:585;1st.prg:670;1st.prg:746;1st.prg:816;1st.prg:884;1st.prg:891;1st.prg:967;1st.prg:980;1st.prg:1063;1st.prg:1078;1st.prg:1108;1st.prg:1184;1st.prg:1192;1st.prg:1277;1st.prg:1308;1st.prg:1381;1st.prg:1965;1st.prg:2126;1st.prg:2194;1st.prg:2201;1st.prg:2277;1st.prg:2290;1st.prg:2373;1st.prg:2388;1st.prg:2418;1st.prg:2494;1st.prg:2502;1st.prg:2587;1st.prg:2658;1st.prg:2819;1st.prg:2887;1st.prg:2894;1st.prg:2970;1st.prg:2983;1st.prg:3066;1st.prg:3081;1st.prg:3111;1st.prg:3187;1st.prg:3195;1st.prg:3280;1st.prg:3351;1st.prg:3512;1st.prg:3580;1st.prg:3587;1st.prg:3663;1st.prg:3676;1st.prg:3759;1st.prg:3774;1st.prg:3804;1st.prg:3880;1st.prg:3888;1st.prg:3973;1st.prg:4044;1st.prg:4205;1st.prg:4273;1st.prg:4280;1st.prg:4356;1st.prg:4369;1st.prg:4452;1st.prg:4467;1st.prg:4497;1st.prg:4573;1st.prg:4581;1st.prg:4666;1st.prg:4737;1st.prg:4898;1st.prg:4966;1st.prg:4973;1st.prg:5049;1st.prg:5062;1st.prg:5145;1st.prg:5160;1st.prg:5190;1st.prg:5266;1st.prg:5274;1st.prg:5359;1st.prg:5430;1st.prg:5591;1st.prg:5659;1st.prg:5666;1st.prg:5742;1st.prg:5755;1st.prg:5838;1st.prg:5853;1st.prg:5883;1st.prg:5959;1st.prg:5967;1st.prg:6052;1st.prg:11215,状态标志/运行状态,iAxisNum,高
MFLAGS(iTmpIndex).#HOME,special bit,1st.prg:9846,,状态标志/运行状态,iTmpIndex,高
MODBUSADD_CHARGEVOLUME_SP,local int,1st.prg:6095;1st.prg:6470;1st.prg:6476;1st.prg:6543,1st.prg:6196,设定值/目标位置,,高
MODBUSADD_FEED_FLOW_MODE,local int,1st.prg:6100;1st.prg:6278,1st.prg:6201,通讯/Modbus,,中
MODBUSADD_FEED_RDY,local int,1st.prg:6102;1st.prg:6292,1st.prg:6203,通讯/Modbus,,中
MODBUSADD_IN_REMOTE_MODE,local int,1st.prg:6104;1st.prg:6306,1st.prg:6205,通讯/Modbus,,中
MODBUSADD_LC_BYPASSMODE_CMD,local int,1st.prg:6091;1st.prg:6413;1st.prg:6419;1st.prg:6551,1st.prg:6192,通讯/Modbus,,中
MODBUSADD_LC_MFC_SP,local int,1st.prg:6090;1st.prg:6398;1st.prg:6405;1st.prg:6521,1st.prg:6191,设定值/目标位置,,高
MODBUSADD_MEIDENSHA_ALARMS,local int,1st.prg:6105;1st.prg:6320,1st.prg:6207,通讯/Modbus,,中
MODBUSADD_OFFSET,local int,1st.prg:6089;1st.prg:6191;1st.prg:6192;1st.prg:6193;1st.prg:6194;1st.prg:6195;1st.prg:6196;1st.prg:6197;1st.prg:6198;1st.prg:6200;1st.prg:6201;1st.prg:6202;1st.prg:6203;1st.prg:6204;1st.prg:6205;1st.prg:6207,1st.prg:6190,通讯/Modbus,,中
MODBUSADD_OXYGEN_BYPASSMODE_CMD,local int,1st.prg:6092;1st.prg:6428;1st.prg:6434;1st.prg:6558,1st.prg:6193,通讯/Modbus,,中
MODBUSADD_OZONECHAMBERPRESSURE_SP,local int,1st.prg:6094;1st.prg:6456;1st.prg:6462;1st.prg:6536,1st.prg:6195,压力控制相关,,高
MODBUSADD_OZONEFEED_CMD,local int,1st.prg:6097;1st.prg:6484;1st.prg:6490;1st.prg:6572,1st.prg:6198,通讯/Modbus,,中
MODBUSADD_OZONEPRESSURE_SP,local int,1st.prg:6093;1st.prg:6442;1st.prg:6448;1st.prg:6529,1st.prg:6194,压力控制相关,,高
MODBUSADD_OZONE_RDY,local int,1st.prg:6101;1st.prg:6285,1st.prg:6202,通讯/Modbus,,中
MODBUSADD_POGON_CMD,local int,1st.prg:6096;1st.prg:6376;1st.prg:6382;1st.prg:6565,1st.prg:6197,通讯/Modbus,,中
MODBUSADD_POG_NO_FLT,local int,1st.prg:6103;1st.prg:6299,1st.prg:6204,通讯/Modbus,,中
MODBUSADD_POG_STATUS1,local int,1st.prg:6099;1st.prg:6258,1st.prg:6200,通讯/Modbus,1,中
MST(0).#ENABLED,special bit,1st.prg:10537,,状态标志/运行状态,0,高
MST(LLELEAXIS).#ENABLED,special bit,1st.prg:10180;1st.prg:10222,,状态标志/运行状态,LLELEAXIS,高
MST(LLELEAXIS2).#ENABLED,special bit,1st.prg:10231;1st.prg:10273,,状态标志/运行状态,LLELEAXIS2,高
MST(ROBOTAXISNUMH).#ENABLED,special bit,1st.prg:8350;1st.prg:8448,,状态标志/运行状态,ROBOTAXISNUMH,高
MST(ROBOTAXISNUML).#ENABLED,special bit,1st.prg:8350;1st.prg:8448;1st.prg:10537,,状态标志/运行状态,ROBOTAXISNUML,高
MST(iAxisNum).#ENABLED,special bit,1st.prg:11037,,状态标志/运行状态,iAxisNum,高
MZ_CARAxisNum,global int,1st.prg:6883;1st.prg:7103;1st.prg:7105;1st.prg:7107;1st.prg:7109;1st.prg:7111;1st.prg:7113;1st.prg:7115;1st.prg:7117;1st.prg:7119;1st.prg:7121;1st.prg:7142;1st.prg:7143;1st.prg:7144;1st.prg:7145;1st.prg:8874;1st.prg:9349;1st.prg:9394;1st.prg:10842,1st.prg:9079;1st.prg:9085,通用控制变量,,中
MZ_LLAxisNum,global int,1st.prg:6883;1st.prg:7045;1st.prg:7046;1st.prg:7047;1st.prg:7049;1st.prg:7050;1st.prg:7051;1st.prg:7053;1st.prg:7129;1st.prg:7130;1st.prg:7131;1st.prg:7132;1st.prg:8874;1st.prg:9349;1st.prg:9394;1st.prg:10180;1st.prg:10222;1st.prg:10842,1st.prg:9080;1st.prg:9088,通用控制变量,,中
MZ_STAxisNum,global int,1st.prg:6883;1st.prg:7058;1st.prg:7059;1st.prg:7060;1st.prg:7061;1st.prg:7062;1st.prg:7063;1st.prg:7065;1st.prg:7136;1st.prg:7137;1st.prg:7138;1st.prg:7139;1st.prg:8874;1st.prg:9349;1st.prg:9394;1st.prg:10842,1st.prg:9081;1st.prg:9091,通用控制变量,,中
MaxSP0,global real tag 1073,1st.prg:11517,,设定值/目标位置,0,高
MaxSP1,global real tag 1273,1st.prg:11599,,设定值/目标位置,1,高
MaxSP2,global real tag 1173,1st.prg:11558,,设定值/目标位置,2,高
MaxSP3,global real tag 1373,1st.prg:11639,,设定值/目标位置,3,高
MaxSP4,global real tag 1473,1st.prg:11679,,设定值/目标位置,4,高
MaxSP5,global real tag 1673,1st.prg:11757,,设定值/目标位置,5,高
MaxSP6,global real tag 1573,1st.prg:11718,,设定值/目标位置,6,高
MaxSP7,global real tag 1773,1st.prg:11796,,设定值/目标位置,7,高
MaxTorq0,global real tag 1088,1st.prg:11525,1st.prg:8620;1st.prg:9549,通用控制变量,0,中
MaxTorq1,global real tag 1288,1st.prg:11607,1st.prg:8729;1st.prg:9583,通用控制变量,1,中
MaxTorq2,global real tag 1188,1st.prg:11566,1st.prg:8753;1st.prg:9597,通用控制变量,2,中
MaxTorq3,global real tag 1388,1st.prg:11647,1st.prg:9612,通用控制变量,3,中
MaxTorq4,global real tag 1488,1st.prg:11687,1st.prg:9627,通用控制变量,4,中
MaxTorq5,global real tag 1688,1st.prg:11765,1st.prg:9643,通用控制变量,5,中
MaxTorq6,global real tag 1588,1st.prg:11726,1st.prg:9660,通用控制变量,6,中
MaxTorq7,global real tag 1788,1st.prg:11804,1st.prg:9677,通用控制变量,7,中
MaxVel0,global real tag 1075,1st.prg:11519,1st.prg:8614;1st.prg:9543,运动参数/速度曲线,0,高
MaxVel1,global real tag 1275,1st.prg:11601,1st.prg:8723;1st.prg:9577,运动参数/速度曲线,1,高
MaxVel2,global real tag 1175,1st.prg:11560,1st.prg:8747;1st.prg:9591,运动参数/速度曲线,2,高
MaxVel3,global real tag 1375,1st.prg:11641,1st.prg:9606,运动参数/速度曲线,3,高
MaxVel4,global real tag 1475,1st.prg:11681,1st.prg:9621,运动参数/速度曲线,4,高
MaxVel5,global real tag 1675,1st.prg:11759,1st.prg:9637,运动参数/速度曲线,5,高
MaxVel6,global real tag 1575,1st.prg:11720,1st.prg:9654,运动参数/速度曲线,6,高
MaxVel7,global real tag 1775,1st.prg:11798,1st.prg:9671,运动参数/速度曲线,7,高
Measured,unknown unknown,1st.prg:7669;1st.prg:7691;1st.prg:7697;1st.prg:7703;1st.prg:7718,1st.prg:7645;1st.prg:7646;1st.prg:7647;1st.prg:7648;1st.prg:7649;1st.prg:7650;1st.prg:7651;1st.prg:7652,测量值/工作设定,,中
Measured0,global real tag 1050,1st.prg:6727;1st.prg:6729;1st.prg:6731;1st.prg:6733;1st.prg:6760;1st.prg:6761;1st.prg:6762;1st.prg:6763;1st.prg:6764;1st.prg:6769;1st.prg:6770;1st.prg:6771;1st.prg:6772;1st.prg:7217;1st.prg:7645;1st.prg:8304;1st.prg:8622;1st.prg:8629;1st.prg:8630;1st.prg:9551;1st.prg:9694;1st.prg:11510,1st.prg:8612;1st.prg:9541,测量值/工作设定,0,中
Measured1,global real tag 1250,1st.prg:7218;1st.prg:7646;1st.prg:8731;1st.prg:8732;1st.prg:8739;1st.prg:9572;1st.prg:9707;1st.prg:11592,1st.prg:8721;1st.prg:9567;1st.prg:9569,测量值/工作设定,1,中
Measured2,global real tag 1150,1st.prg:7219;1st.prg:7647;1st.prg:8755;1st.prg:8756;1st.prg:8763;1st.prg:9599;1st.prg:9720;1st.prg:11551,1st.prg:8745;1st.prg:9589,测量值/工作设定,2,中
Measured3,global real tag 1350,1st.prg:7220;1st.prg:7648;1st.prg:9614;1st.prg:9733;1st.prg:11632,1st.prg:9604,测量值/工作设定,3,中
Measured4,global real tag 1450,1st.prg:7221;1st.prg:7649;1st.prg:9629;1st.prg:11672,1st.prg:9619,测量值/工作设定,4,中
Measured5,global real tag 1650,1st.prg:7222;1st.prg:7650;1st.prg:9645;1st.prg:11750,1st.prg:9635,测量值/工作设定,5,中
Measured6,global real tag 1550,1st.prg:7223;1st.prg:7651;1st.prg:9662;1st.prg:11711,1st.prg:9652,测量值/工作设定,6,中
Measured7,global real tag 1750,1st.prg:7224;1st.prg:7652;1st.prg:9679;1st.prg:11789,1st.prg:9669,测量值/工作设定,7,中
MinSP0,global real tag 1074,1st.prg:11518,,设定值/目标位置,0,高
MinSP1,global real tag 1274,1st.prg:11600,,设定值/目标位置,1,高
MinSP2,global real tag 1174,1st.prg:11559,,设定值/目标位置,2,高
MinSP3,global real tag 1374,1st.prg:11640,,设定值/目标位置,3,高
MinSP4,global real tag 1474,1st.prg:11680,,设定值/目标位置,4,高
MinSP5,global real tag 1674,1st.prg:11758,,设定值/目标位置,5,高
MinSP6,global real tag 1574,1st.prg:11719,,设定值/目标位置,6,高
MinSP7,global real tag 1774,1st.prg:11797,,设定值/目标位置,7,高
MinVel0,global real tag 1076,1st.prg:11520,1st.prg:8615;1st.prg:9544,运动参数/速度曲线,0,高
MinVel1,global real tag 1276,1st.prg:11602,1st.prg:8724;1st.prg:9578,运动参数/速度曲线,1,高
MinVel2,global real tag 1176,1st.prg:11561,1st.prg:8748;1st.prg:9592,运动参数/速度曲线,2,高
MinVel3,global real tag 1376,1st.prg:11642,1st.prg:9607,运动参数/速度曲线,3,高
MinVel4,global real tag 1476,1st.prg:11682,1st.prg:9622,运动参数/速度曲线,4,高
MinVel5,global real tag 1676,1st.prg:11760,1st.prg:9638,运动参数/速度曲线,5,高
MinVel6,global real tag 1576,1st.prg:11721,1st.prg:9655,运动参数/速度曲线,6,高
MinVel7,global real tag 1776,1st.prg:11799,1st.prg:9672,运动参数/速度曲线,7,高
MoveCommanded,unknown unknown,1st.prg:11108,1st.prg:10895;1st.prg:10896;1st.prg:10897;1st.prg:10898;1st.prg:10899;1st.prg:10900;1st.prg:10901;1st.prg:10902;1st.prg:11057;1st.prg:11065;1st.prg:11092;1st.prg:11101;1st.prg:11117,通用控制变量,,中
NO_POGB_FLT_TO_CLOSE_ESV,global int,1st.prg:6138;1st.prg:6360;1st.prg:7364;1st.prg:7565,1st.prg:6358,通用控制变量,,中
NewCmd,local real,1st.prg:7832,1st.prg:7885;1st.prg:7886;1st.prg:7887;1st.prg:7888;1st.prg:7899;1st.prg:7914;1st.prg:7930;1st.prg:7945,局部计算/临时变量,,低
NumAnalogCAR,local int,1st.prg:10570;1st.prg:10585,1st.prg:10582;1st.prg:10586,局部计算/临时变量,,低
O3CollisionValues,global real,1st.prg:6722;1st.prg:8979;1st.prg:8993;1st.prg:8994;1st.prg:8995;1st.prg:8996;1st.prg:8997;1st.prg:8998;1st.prg:8999;1st.prg:9000;1st.prg:9020;1st.prg:11461,1st.prg:6677;1st.prg:6682;1st.prg:6688;1st.prg:6693;1st.prg:6699;1st.prg:6704;1st.prg:6710;1st.prg:6715,通用控制变量,,中
O3_RunValve1,local int,1st.prg:6636,,局部计算/临时变量,1,低
O3_RunValve2,local int,1st.prg:6636,,局部计算/临时变量,2,低
O3_RunValve3,local int,1st.prg:6636,,局部计算/临时变量,3,低
O3_RunValve4,local int,1st.prg:6636,,局部计算/临时变量,4,低
OUT(0).0,special bit,1st.prg:7784;1st.prg:7785;1st.prg:7791;1st.prg:7792,1st.prg:7785;1st.prg:7792,IO 信号,0,中
OUT(0).1,special bit,1st.prg:7798;1st.prg:7799;1st.prg:7805;1st.prg:7806,1st.prg:7799;1st.prg:7806,IO 信号,1,中
OUT(0).2,special bit,1st.prg:7812;1st.prg:7813;1st.prg:7820;1st.prg:7821,1st.prg:7813;1st.prg:7821,IO 信号,2,中
OUTP0,global real tag 1004,1st.prg:11492,1st.prg:8622;1st.prg:8624;1st.prg:9551;1st.prg:9553,通用控制变量,0,中
OUTP1,global real tag 1204,1st.prg:9567;1st.prg:11574,1st.prg:8739;1st.prg:8741;1st.prg:9561;1st.prg:9564;1st.prg:9572;1st.prg:9574,通用控制变量,1,中
OUTP2,global real tag 1104,1st.prg:11533,1st.prg:8763;1st.prg:8765;1st.prg:9599;1st.prg:9601,通用控制变量,2,中
OUTP3,global real tag 1304,1st.prg:11615,1st.prg:9614;1st.prg:9616,通用控制变量,3,中
OUTP4,global real tag 1404,1st.prg:11654,1st.prg:9629;1st.prg:9631,通用控制变量,4,中
OUTP5,global real tag 1604,1st.prg:11733,1st.prg:9645;1st.prg:9647,通用控制变量,5,中
OUTP6,global real tag 1504,1st.prg:11694,1st.prg:9662;1st.prg:9664,通用控制变量,6,中
OUTP7,global real tag 1704,1st.prg:11772,1st.prg:9679;1st.prg:9681,通用控制变量,7,中
OXYGEN_BYPASS_CMD,global int,1st.prg:6124;1st.prg:6433;1st.prg:6435;1st.prg:6615,1st.prg:6662,通用控制变量,,中
OXYGEN_BYPASS_CMD_RB,local int,1st.prg:6110;1st.prg:6583,1st.prg:6562,局部计算/临时变量,,低
OZONECHAMBERPRESSURE_SP,global int,1st.prg:6126;1st.prg:6461;1st.prg:6463;1st.prg:6614,1st.prg:6654,压力控制相关,,高
OZONEFEED_CMD,global int,1st.prg:6129;1st.prg:6491;1st.prg:6615,1st.prg:6660,通用控制变量,,中
OZONEFEED_CMD_RB,local int,1st.prg:6108,1st.prg:6576,局部计算/临时变量,,低
OZONEPRESSURE_SP,global int,1st.prg:6125;1st.prg:6447;1st.prg:6449;1st.prg:6614,1st.prg:6653,压力控制相关,,高
OZONE_RDY,global int,1st.prg:6133;1st.prg:6617,1st.prg:6289,通用控制变量,,中
OkToTogglePOG,local int,1st.prg:6117,,局部计算/临时变量,,低
OldRR,global real,1st.prg:10848;1st.prg:10954;1st.prg:11037,1st.prg:10915;1st.prg:11056;1st.prg:11064;1st.prg:11091;1st.prg:11100,通用控制变量,,中
OldSP,global real,1st.prg:21;1st.prg:719;1st.prg:1938;1st.prg:2631;1st.prg:3324;1st.prg:4017;1st.prg:4710;1st.prg:5403;1st.prg:6643;1st.prg:6903;1st.prg:8218;1st.prg:8645;1st.prg:8734;1st.prg:8758;1st.prg:8845;1st.prg:9505;1st.prg:10848;1st.prg:10955;1st.prg:10956;1st.prg:11007;1st.prg:11037;1st.prg:11046;1st.prg:11173,1st.prg:257;1st.prg:340;1st.prg:436;1st.prg:477;1st.prg:558;1st.prg:677;1st.prg:864;1st.prg:947;1st.prg:1043;1st.prg:1084;1st.prg:1165;1st.prg:1284;1st.prg:1362;1st.prg:2174;1st.prg:2257;1st.prg:2353;1st.prg:2394;1st.prg:2475;1st.prg:2594;1st.prg:2867;1st.prg:2950;1st.prg:3046;1st.prg:3087;1st.prg:3168;1st.prg:3287;1st.prg:3560;1st.prg:3643;1st.prg:3739;1st.prg:3780;1st.prg:3861;1st.prg:3980;1st.prg:4253;1st.prg:4336;1st.prg:4432;1st.prg:4473;1st.prg:4554;1st.prg:4673;1st.prg:4946;1st.prg:5029;1st.prg:5125;1st.prg:5166;1st.prg:5247;1st.prg:5366;1st.prg:5639;1st.prg:5722;1st.prg:5818;1st.prg:5859;1st.prg:5940;1st.prg:6059;1st.prg:7132;1st.prg:7139;1st.prg:7145;1st.prg:9255;1st.prg:9256;1st.prg:9257;1st.prg:9258;1st.prg:9259;1st.prg:9260;1st.prg:9261;1st.prg:9262;1st.prg:10031;1st.prg:10037;1st.prg:10043;1st.prg:10059;1st.prg:10063;1st.prg:10067;1st.prg:10071;1st.prg:10075;1st.prg:10079;1st.prg:10083;1st.prg:10087;1st.prg:10188;1st.prg:10192;1st.prg:10196;1st.prg:10200;1st.prg:10204;1st.prg:10208;1st.prg:10212;1st.prg:10216;1st.prg:10239;1st.prg:10243;1st.prg:10247;1st.prg:10251;1st.prg:10255;1st.prg:10259;1st.prg:10263;1st.prg:10267;1st.prg:10291;1st.prg:11055;1st.prg:11063;1st.prg:11090;1st.prg:11099;1st.prg:11123;1st.prg:11128;1st.prg:11133;1st.prg:11138;1st.prg:11143;1st.prg:11148;1st.prg:11153;1st.prg:11158,设定值/目标位置,,高
OutPressure_KP0,global real tag 1010,1st.prg:11498,,压力控制相关,0,中
OutPressure_KP1,global real tag 1210,1st.prg:1762;1st.prg:11580,1st.prg:1434,压力控制相关,1,中
OutPressure_KP2,global real tag 1110,1st.prg:11539,,压力控制相关,2,中
OutPressure_KP3,global real tag 1310,1st.prg:11620,,压力控制相关,3,中
OutPressure_KP4,global real tag 1410,1st.prg:11660,,压力控制相关,4,中
OutPressure_KP5,global real tag 1610,1st.prg:11738,,压力控制相关,5,中
OutPressure_KP6,global real tag 1510,1st.prg:11699,,压力控制相关,6,中
OutPressure_KP7,global real tag 1710,1st.prg:11777,,压力控制相关,7,中
Ozn_StatusWord,global int,1st.prg:7400;1st.prg:7567,1st.prg:7566,通用控制变量,,中
OzoneChamberSP,global real tag 1828,1st.prg:6654;1st.prg:11821,1st.prg:6540,设定值/目标位置,,高
OzonePresureSP,global real tag 1827,1st.prg:6653;1st.prg:11820,1st.prg:6533,设定值/目标位置,,高
PIDTime,local int,1st.prg:1678;1st.prg:1722,1st.prg:1679,局部计算/临时变量,,低
PID_OUTPUT_LIMIT,local real,1st.prg:1399;1st.prg:1713;1st.prg:1714;1st.prg:1716;1st.prg:1717,1st.prg:1438,局部计算/临时变量,,高
PKP0,global real tag 1072,1st.prg:11516,1st.prg:9037,通用控制变量,0,中
PKP1,global real tag 1272,1st.prg:11598,1st.prg:9041,通用控制变量,1,中
PKP2,global real tag 1172,1st.prg:11557,1st.prg:9045,通用控制变量,2,中
PKP3,global real tag 1372,1st.prg:11638,1st.prg:9049,通用控制变量,3,中
PKP4,global real tag 1472,1st.prg:11678,1st.prg:9053,通用控制变量,4,中
PKP5,global real tag 1672,1st.prg:11756,1st.prg:9057,通用控制变量,5,中
PKP6,global real tag 1572,1st.prg:11717,1st.prg:9061,通用控制变量,6,中
PKP7,global real tag 1772,1st.prg:11795,1st.prg:9065,通用控制变量,7,中
POGON_CMD,global int,1st.prg:6128;1st.prg:6381;1st.prg:6383;1st.prg:6615,1st.prg:6659,通用控制变量,,中
POGON_CMD_RB,local int,1st.prg:6107,1st.prg:6569,局部计算/临时变量,,低
POGON_FROM_STATUS1,local int,1st.prg:6113;1st.prg:6580,1st.prg:6266;1st.prg:6268,局部计算/临时变量,1,中
POG_NO_FLT,global int,1st.prg:718;1st.prg:1779;1st.prg:6135;1st.prg:6619,1st.prg:6303;1st.prg:6360,通用控制变量,,中
POG_STATUS1,local int,1st.prg:6111;1st.prg:6265;1st.prg:6271,1st.prg:6261,局部计算/临时变量,1,中
PST(14).#RUN,special bit,1st.prg:9349;1st.prg:9394,,状态标志/运行状态,14,中
Part_number,global int,1st.prg:8826,1st.prg:8920,通用控制变量,,中
PosBeforeExt,local real,1st.prg:8223,,局部计算/临时变量,,低
PosBeforeRot,local real,1st.prg:8223,,局部计算/临时变量,,低
PosCmd,local real,1st.prg:7831;1st.prg:7859;1st.prg:7860;1st.prg:7861;1st.prg:7862;1st.prg:7885;1st.prg:7886;1st.prg:7887;1st.prg:7888;1st.prg:7891;1st.prg:7899;1st.prg:7900;1st.prg:7901;1st.prg:7906;1st.prg:7914;1st.prg:7915;1st.prg:7916;1st.prg:7922;1st.prg:7930;1st.prg:7932;1st.prg:7933;1st.prg:7937;1st.prg:7945;1st.prg:7946;1st.prg:7947,1st.prg:7842;1st.prg:7843;1st.prg:7844;1st.prg:7845;1st.prg:7848;1st.prg:7849;1st.prg:7850;1st.prg:7851;1st.prg:7855;1st.prg:7856;1st.prg:7857;1st.prg:7858;1st.prg:7869;1st.prg:7870;1st.prg:7871;1st.prg:7872;1st.prg:7874;1st.prg:7875;1st.prg:7876;1st.prg:7877;1st.prg:7881;1st.prg:7882;1st.prg:7883;1st.prg:7884;1st.prg:7893;1st.prg:7895;1st.prg:7898;1st.prg:7908;1st.prg:7910;1st.prg:7913;1st.prg:7924;1st.prg:7926;1st.prg:7929;1st.prg:7939;1st.prg:7941;1st.prg:7944,局部计算/临时变量,,低
PosMeasured,local real,1st.prg:8895;1st.prg:9698;1st.prg:9700;1st.prg:9703;1st.prg:9711;1st.prg:9713;1st.prg:9716;1st.prg:9724;1st.prg:9726;1st.prg:9729;1st.prg:9737;1st.prg:9739;1st.prg:9742,1st.prg:9694;1st.prg:9696;1st.prg:9699;1st.prg:9701;1st.prg:9707;1st.prg:9709;1st.prg:9712;1st.prg:9714;1st.prg:9720;1st.prg:9722;1st.prg:9725;1st.prg:9727;1st.prg:9733;1st.prg:9735;1st.prg:9738;1st.prg:9740,测量值/工作设定,,中
PrePosCmd,local real,1st.prg:7833;1st.prg:7891;1st.prg:7906;1st.prg:7922;1st.prg:7937,1st.prg:7859;1st.prg:7860;1st.prg:7861;1st.prg:7862;1st.prg:7901;1st.prg:7916;1st.prg:7933;1st.prg:7947,局部计算/临时变量,,低
PresWorkingSP_v,local real,1st.prg:1391;1st.prg:1567;1st.prg:1582;1st.prg:1618;1st.prg:1762,1st.prg:1491;1st.prg:1574;1st.prg:1581;1st.prg:1611;1st.prg:1617;1st.prg:1649,设定值/目标位置,,高
PresWorkingSP_v_prev,local real,1st.prg:1391;1st.prg:1582;1st.prg:1618,1st.prg:1567,设定值/目标位置,,高
Pres_max0,global real tag 1015,1st.prg:11503,,通用控制变量,0,中
Pres_max1,global real tag 1215,1st.prg:1516;1st.prg:1819;1st.prg:1864;1st.prg:1874;1st.prg:1875;1st.prg:1879;1st.prg:1880;1st.prg:11585,1st.prg:1515;1st.prg:1877,通用控制变量,1,中
Pres_max2,global real tag 1115,1st.prg:11544,,通用控制变量,2,中
Pres_max3,global real tag 1315,1st.prg:11625,,通用控制变量,3,中
Pres_max4,global real tag 1415,1st.prg:11665,,通用控制变量,4,中
Pres_max5,global real tag 1615,1st.prg:11743,,通用控制变量,5,中
Pres_max6,global real tag 1515,1st.prg:11704,,通用控制变量,6,中
Pres_max7,global real tag 1715,1st.prg:11782,,通用控制变量,7,中
Pres_max_Prev,local real,1st.prg:1391;1st.prg:1874;1st.prg:1877,1st.prg:1516;1st.prg:1879,局部计算/临时变量,,低
Pres_min0,global real tag 1014,1st.prg:11502,,通用控制变量,0,中
Pres_min1,global real tag 1214,1st.prg:1508;1st.prg:1819;1st.prg:1863;1st.prg:1864;1st.prg:1868;1st.prg:1869;1st.prg:1875;1st.prg:11584,1st.prg:1507;1st.prg:1865,通用控制变量,1,中
Pres_min2,global real tag 1114,1st.prg:11543,,通用控制变量,2,中
Pres_min3,global real tag 1314,1st.prg:11624,,通用控制变量,3,中
Pres_min4,global real tag 1414,1st.prg:11664,,通用控制变量,4,中
Pres_min5,global real tag 1614,1st.prg:11742,,通用控制变量,5,中
Pres_min6,global real tag 1514,1st.prg:11703,,通用控制变量,6,中
Pres_min7,global real tag 1714,1st.prg:11781,,通用控制变量,7,中
Pres_min_Prev,local real,1st.prg:1391;1st.prg:1863;1st.prg:1865,1st.prg:1508;1st.prg:1868,局部计算/临时变量,,低
PressureChangeThreshold,local real,1st.prg:1402;1st.prg:1547;1st.prg:1553,1st.prg:1415,压力控制相关,,中
PressureControllerPositionCmd,local real,1st.prg:1395;1st.prg:1713;1st.prg:1716;1st.prg:1721,1st.prg:1712;1st.prg:1714;1st.prg:1717,压力控制相关,,中
PressurePV0,global real tag 1019,1st.prg:11507,,压力控制相关,0,中
PressurePV1,global real tag 1219,1st.prg:1478;1st.prg:1480;1st.prg:1490;1st.prg:1566;1st.prg:1600;1st.prg:1636;1st.prg:1666;1st.prg:1736;1st.prg:1753;1st.prg:1772;1st.prg:1779;1st.prg:11589,1st.prg:1754;1st.prg:1773,压力控制相关,1,中
PressurePV2,global real tag 1119,1st.prg:11548,,压力控制相关,2,中
PressurePV3,global real tag 1319,1st.prg:11629,,压力控制相关,3,中
PressurePV4,global real tag 1419,1st.prg:11669,,压力控制相关,4,中
PressurePV5,global real tag 1619,1st.prg:11747,,压力控制相关,5,中
PressurePV6,global real tag 1519,1st.prg:11708,,压力控制相关,6,中
PressurePV7,global real tag 1719,1st.prg:11786,,压力控制相关,7,中
PressurePV_Prev,local real,1st.prg:1392,1st.prg:1753;1st.prg:1772,压力控制相关,,中
PressureSP0,global real tag 1012,1st.prg:11500,,压力控制相关,0,高
PressureSP1,global real tag 1212,1st.prg:1476;1st.prg:1479;1st.prg:1485;1st.prg:1486;1st.prg:1572;1st.prg:1573;1st.prg:1609;1st.prg:1610;1st.prg:1648;1st.prg:1688;1st.prg:1738;1st.prg:1739;1st.prg:1742;1st.prg:1817;1st.prg:1819;1st.prg:1824;1st.prg:1825;1st.prg:1829;1st.prg:11582,1st.prg:1478;1st.prg:1484;1st.prg:1820,压力控制相关,1,高
PressureSP2,global real tag 1112,1st.prg:11541,,压力控制相关,2,高
PressureSP3,global real tag 1312,1st.prg:11622,,压力控制相关,3,高
PressureSP4,global real tag 1412,1st.prg:11662,,压力控制相关,4,高
PressureSP5,global real tag 1612,1st.prg:11740,,压力控制相关,5,高
PressureSP6,global real tag 1512,1st.prg:11701,,压力控制相关,6,高
PressureSP7,global real tag 1712,1st.prg:11779,,压力控制相关,7,高
PressureSP_Prev,local real,1st.prg:1392;1st.prg:1817;1st.prg:1820,1st.prg:1479;1st.prg:1485;1st.prg:1825,压力控制相关,,高
PressureWKSP0,global real tag 1020,1st.prg:11508,,测量值/工作设定,0,高
PressureWKSP1,global real tag 1220,1st.prg:1572;1st.prg:1574;1st.prg:1581;1st.prg:1600;1st.prg:1609;1st.prg:1611;1st.prg:1617;1st.prg:1636;1st.prg:1649;1st.prg:11590,1st.prg:1490;1st.prg:1571;1st.prg:1573;1st.prg:1608;1st.prg:1610;1st.prg:1648;1st.prg:1666;1st.prg:1737,测量值/工作设定,1,高
PressureWKSP2,global real tag 1120,1st.prg:11549,,测量值/工作设定,2,高
PressureWKSP3,global real tag 1320,1st.prg:11630,,测量值/工作设定,3,高
PressureWKSP4,global real tag 1420,1st.prg:11670,,测量值/工作设定,4,高
PressureWKSP5,global real tag 1620,1st.prg:11748,,测量值/工作设定,5,高
PressureWKSP6,global real tag 1520,1st.prg:11709,,测量值/工作设定,6,高
PressureWKSP7,global real tag 1720,1st.prg:11787,,测量值/工作设定,7,高
Pressure_Ramp_rate0,global real tag 1013,1st.prg:11501,,压力控制相关,0,中
Pressure_Ramp_rate1,global real tag 1213,1st.prg:1499;1st.prg:1500;1st.prg:1826;1st.prg:1835;1st.prg:1837;1st.prg:1841;1st.prg:1842;1st.prg:1845;1st.prg:11583,1st.prg:1498;1st.prg:1838,压力控制相关,1,中
Pressure_Ramp_rate2,global real tag 1113,1st.prg:11542,,压力控制相关,2,中
Pressure_Ramp_rate3,global real tag 1313,1st.prg:11623,,压力控制相关,3,中
Pressure_Ramp_rate4,global real tag 1413,1st.prg:11663,,压力控制相关,4,中
Pressure_Ramp_rate5,global real tag 1613,1st.prg:11741,,压力控制相关,5,中
Pressure_Ramp_rate6,global real tag 1513,1st.prg:11702,,压力控制相关,6,中
Pressure_Ramp_rate7,global real tag 1713,1st.prg:11780,,压力控制相关,7,中
Pressure_Ramp_rate_Prev,local real,1st.prg:1392;1st.prg:1835;1st.prg:1838,1st.prg:1499;1st.prg:1842,压力控制相关,,中
PrevAcc,local real,1st.prg:30;1st.prg:142;1st.prg:728;1st.prg:1947;1st.prg:2059;1st.prg:2640;1st.prg:2752;1st.prg:3333;1st.prg:3445;1st.prg:4026;1st.prg:4138;1st.prg:4719;1st.prg:4831;1st.prg:5412;1st.prg:5524,1st.prg:70;1st.prg:1987;1st.prg:2680;1st.prg:3373;1st.prg:4066;1st.prg:4759;1st.prg:5452,运动参数/速度曲线,,高
PrevDec,local real,1st.prg:30;1st.prg:143;1st.prg:728;1st.prg:1947;1st.prg:2060;1st.prg:2640;1st.prg:2753;1st.prg:3333;1st.prg:3446;1st.prg:4026;1st.prg:4139;1st.prg:4719;1st.prg:4832;1st.prg:5412;1st.prg:5525,1st.prg:71;1st.prg:1988;1st.prg:2681;1st.prg:3374;1st.prg:4067;1st.prg:4760;1st.prg:5453,运动参数/速度曲线,,高
PrevJerk,local real,1st.prg:30;1st.prg:145;1st.prg:728;1st.prg:1947;1st.prg:2062;1st.prg:2640;1st.prg:2755;1st.prg:3333;1st.prg:3448;1st.prg:4026;1st.prg:4141;1st.prg:4719;1st.prg:4834;1st.prg:5412;1st.prg:5527,1st.prg:73;1st.prg:1990;1st.prg:2683;1st.prg:3376;1st.prg:4069;1st.prg:4762;1st.prg:5455,运动参数/速度曲线,,高
PrevKDec,local real,1st.prg:30;1st.prg:144;1st.prg:728;1st.prg:1947;1st.prg:2061;1st.prg:2640;1st.prg:2754;1st.prg:3333;1st.prg:3447;1st.prg:4026;1st.prg:4140;1st.prg:4719;1st.prg:4833;1st.prg:5412;1st.prg:5526,1st.prg:72;1st.prg:1989;1st.prg:2682;1st.prg:3375;1st.prg:4068;1st.prg:4761;1st.prg:5454,运动参数/速度曲线,,高
PrevVel,local real,1st.prg:30;1st.prg:728;1st.prg:1947;1st.prg:2640;1st.prg:3333;1st.prg:4026;1st.prg:4719;1st.prg:5412,,运动参数/速度曲线,,高
QCM_StatusWord,global int,1st.prg:7288;1st.prg:7346;1st.prg:7400;1st.prg:7543,1st.prg:7345;1st.prg:7542,通用控制变量,,中
QcmAxis,unknown unknown,1st.prg:7637;1st.prg:7643;1st.prg:7657;1st.prg:7659;1st.prg:7661;1st.prg:7669;1st.prg:7670;1st.prg:7671;1st.prg:7672;1st.prg:7673;1st.prg:7674;1st.prg:7675;1st.prg:7676;1st.prg:7677;1st.prg:7678;1st.prg:7679;1st.prg:7680;1st.prg:7681;1st.prg:7682;1st.prg:7683;1st.prg:7684;1st.prg:7685;1st.prg:7691;1st.prg:7697;1st.prg:7703;1st.prg:7710;1st.prg:7718,1st.prg:7635,通用控制变量,,中
ROBOTAXISNUMH,global int,1st.prg:7972;1st.prg:7984;1st.prg:7999;1st.prg:8015;1st.prg:8253;1st.prg:8348;1st.prg:8350;1st.prg:8352;1st.prg:8379;1st.prg:8381;1st.prg:8382;1st.prg:8383;1st.prg:8384;1st.prg:8387;1st.prg:8388;1st.prg:8390;1st.prg:8392;1st.prg:8393;1st.prg:8394;1st.prg:8395;1st.prg:8398;1st.prg:8399;1st.prg:8402;1st.prg:8407;1st.prg:8411;1st.prg:8418;1st.prg:8425;1st.prg:8448;1st.prg:8452;1st.prg:8500;1st.prg:8502;1st.prg:8504;1st.prg:8508;1st.prg:8514;1st.prg:8516;1st.prg:8571;1st.prg:8573;1st.prg:8592;1st.prg:8594;1st.prg:8658;1st.prg:8696;1st.prg:8943;1st.prg:10008;1st.prg:10009;1st.prg:10011;1st.prg:10013;1st.prg:10015;1st.prg:10024;1st.prg:10026;1st.prg:10027;1st.prg:10120;1st.prg:10442;1st.prg:10443;1st.prg:10444;1st.prg:10557;1st.prg:10752;1st.prg:11418,1st.prg:8935;1st.prg:8939,通用控制变量,,中
ROBOTAXISNUML,global int,1st.prg:7972;1st.prg:7984;1st.prg:7999;1st.prg:8015;1st.prg:8170;1st.prg:8253;1st.prg:8301;1st.prg:8304;1st.prg:8311;1st.prg:8348;1st.prg:8350;1st.prg:8353;1st.prg:8380;1st.prg:8382;1st.prg:8384;1st.prg:8388;1st.prg:8391;1st.prg:8393;1st.prg:8395;1st.prg:8399;1st.prg:8402;1st.prg:8408;1st.prg:8418;1st.prg:8425;1st.prg:8438;1st.prg:8439;1st.prg:8448;1st.prg:8451;1st.prg:8454;1st.prg:8459;1st.prg:8501;1st.prg:8502;1st.prg:8503;1st.prg:8504;1st.prg:8505;1st.prg:8508;1st.prg:8509;1st.prg:8514;1st.prg:8517;1st.prg:8519;1st.prg:8524;1st.prg:8531;1st.prg:8535;1st.prg:8536;1st.prg:8550;1st.prg:8554;1st.prg:8556;1st.prg:8571;1st.prg:8573;1st.prg:8592;1st.prg:8594;1st.prg:8655;1st.prg:8656;1st.prg:8658;1st.prg:8661;1st.prg:8663;1st.prg:8693;1st.prg:8694;1st.prg:8696;1st.prg:8698;1st.prg:8700;1st.prg:8723;1st.prg:8724;1st.prg:8725;1st.prg:8726;1st.prg:8727;1st.prg:8728;1st.prg:8729;1st.prg:8730;1st.prg:8731;1st.prg:8732;1st.prg:8733;1st.prg:8734;1st.prg:8735;1st.prg:8736;1st.prg:8738;1st.prg:8739;1st.prg:8747;1st.prg:8748;1st.prg:8749;1st.prg:8750;1st.prg:8751;1st.prg:8752;1st.prg:8753;1st.prg:8754;1st.prg:8755;1st.prg:8756;1st.prg:8757;1st.prg:8758;1st.prg:8759;1st.prg:8760;1st.prg:8762;1st.prg:8763;1st.prg:8771;1st.prg:8772;1st.prg:8773;1st.prg:8774;1st.prg:8775;1st.prg:8776;1st.prg:8780;1st.prg:8781;1st.prg:8782;1st.prg:8783;1st.prg:8784;1st.prg:8785;1st.prg:8786;1st.prg:8787;1st.prg:8944;1st.prg:10008;1st.prg:10010;1st.prg:10012;1st.prg:10014;1st.prg:10016;1st.prg:10024;1st.prg:10026;1st.prg:10028;1st.prg:10035;1st.prg:10111;1st.prg:10112;1st.prg:10118;1st.prg:10119;1st.prg:10124;1st.prg:10391;1st.prg:10393;1st.prg:10398;1st.prg:10403;1st.prg:10404;1st.prg:10407;1st.prg:10408;1st.prg:10410;1st.prg:10417;1st.prg:10420;1st.prg:10421;1st.prg:10423;1st.prg:10428;1st.prg:10432;1st.prg:10437;1st.prg:10441;1st.prg:10443;1st.prg:10445;1st.prg:10454;1st.prg:10462;1st.prg:10483;1st.prg:10485;1st.prg:10491;1st.prg:10495;1st.prg:10497;1st.prg:10503;1st.prg:10508;1st.prg:10510;1st.prg:10513;1st.prg:10517;1st.prg:10523;1st.prg:10526;1st.prg:10531;1st.prg:10532;1st.prg:10534;1st.prg:10536;1st.prg:10537;1st.prg:10538;1st.prg:10541;1st.prg:10554;1st.prg:10556;1st.prg:10682;1st.prg:10684;1st.prg:10691;1st.prg:10694;1st.prg:10695;1st.prg:10700;1st.prg:10701;1st.prg:10705;1st.prg:10706;1st.prg:10711;1st.prg:10712;1st.prg:10717;1st.prg:10719;1st.prg:10732;1st.prg:10734;1st.prg:10738;1st.prg:10739;1st.prg:10740;1st.prg:10743;1st.prg:10751;1st.prg:10752;1st.prg:10758;1st.prg:10760;1st.prg:10762;1st.prg:10764;1st.prg:10774;1st.prg:10776;1st.prg:10782;1st.prg:10795;1st.prg:10801;1st.prg:10803;1st.prg:10804;1st.prg:10805;1st.prg:10818;1st.prg:10819;1st.prg:10824;1st.prg:10825;1st.prg:10828;1st.prg:11419,1st.prg:8936;1st.prg:8940,通用控制变量,,中
RPOS,unknown unknown,1st.prg:11078;1st.prg:11080,1st.prg:10759;1st.prg:10760;1st.prg:10804,通用控制变量,,中
RampRate,global real,1st.prg:6901;1st.prg:7049;1st.prg:7051;1st.prg:7061;1st.prg:7063;1st.prg:8846;1st.prg:9507;1st.prg:10848;1st.prg:10915;1st.prg:10952;1st.prg:10959;1st.prg:10970;1st.prg:10973;1st.prg:10976;1st.prg:10979;1st.prg:10982;1st.prg:10985;1st.prg:10988;1st.prg:11037;1st.prg:11048;1st.prg:11053;1st.prg:11056;1st.prg:11062;1st.prg:11064;1st.prg:11071;1st.prg:11073;1st.prg:11088;1st.prg:11091;1st.prg:11098;1st.prg:11100;1st.prg:11234;1st.prg:11235,1st.prg:10903;1st.prg:10904;1st.prg:10905;1st.prg:10906;1st.prg:10907;1st.prg:10908;1st.prg:10909;1st.prg:10910;1st.prg:10938;1st.prg:10939;1st.prg:10940;1st.prg:10941;1st.prg:10942;1st.prg:10943;1st.prg:10944;1st.prg:10945;1st.prg:10954,运动参数/速度曲线,,中
RampRateRatio,local real,1st.prg:1401,,运动参数/速度曲线,,中
RampingVel,local real,1st.prg:1398,,运动参数/速度曲线,,高
ReadFunctionCode,local int,1st.prg:6799;1st.prg:6813;1st.prg:6840,1st.prg:6806,局部计算/临时变量,,低
ReadRequest,local int,1st.prg:6797;1st.prg:6837,1st.prg:6812;1st.prg:6813;1st.prg:6814;1st.prg:6815,局部计算/临时变量,,低
ReadResponse,local int,1st.prg:6797;1st.prg:6838;1st.prg:6840;1st.prg:6841;1st.prg:6842;1st.prg:6843;1st.prg:6844;1st.prg:6845;1st.prg:6846,,设定值/目标位置,,高
RealRobotAngle,global real,1st.prg:8212;1st.prg:10369;1st.prg:10438;1st.prg:10440;1st.prg:10450;1st.prg:10452;1st.prg:10458;1st.prg:10460,1st.prg:8660,通用控制变量,,中
Revision_number,global real,1st.prg:8828;1st.prg:8925,1st.prg:8923,通用控制变量,,中
RobotAngle,local real,1st.prg:8228,,局部计算/临时变量,,低
RobotArmExtHomeOffset,global real,1st.prg:8220;1st.prg:8262;1st.prg:8317;1st.prg:8318;1st.prg:8437,1st.prg:8234;1st.prg:8290;1st.prg:8292,通用控制变量,,中
RobotExtIsHoming,global int,1st.prg:7965;1st.prg:7978;1st.prg:8009;1st.prg:8207;1st.prg:8287;1st.prg:8653;1st.prg:10667,1st.prg:10673;1st.prg:10832,通用控制变量,,中
RobotExtTargetPrev,global real,1st.prg:8209;1st.prg:8265;1st.prg:8320;1st.prg:8328;1st.prg:8350;1st.prg:8856;1st.prg:10370;1st.prg:10671,1st.prg:8254;1st.prg:8262;1st.prg:8420;1st.prg:8432;1st.prg:10034;1st.prg:10550;1st.prg:10808,通用控制变量,,中
RobotNormalMode,global int,1st.prg:10371,1st.prg:10555,通用控制变量,,中
RobotROTTargetPrev,global real,1st.prg:8208;1st.prg:8267;1st.prg:8269;1st.prg:8340;1st.prg:8342;1st.prg:8448;1st.prg:8549;1st.prg:8855;1st.prg:10369;1st.prg:10670,1st.prg:8256;1st.prg:8258;1st.prg:8261;1st.prg:8526;1st.prg:8539;1st.prg:8543;1st.prg:10040;1st.prg:10046;1st.prg:10549,通用控制变量,,中
RobotRotIsHoming,global int,1st.prg:7966;1st.prg:7992;1st.prg:8207;1st.prg:8287;1st.prg:8569;1st.prg:10372,1st.prg:10380;1st.prg:10561,通用控制变量,,中
RotAxisAngleBeforeRot,global real,1st.prg:8248;1st.prg:8471;1st.prg:8492,1st.prg:8455;1st.prg:8457;1st.prg:8461;1st.prg:8464;1st.prg:8465,通用控制变量,,中
RotHomeOffset,local real,1st.prg:10377,1st.prg:10390,局部计算/临时变量,,低
S01_Power_failure,global int,1st.prg:6140;1st.prg:6358,1st.prg:6329,通用控制变量,,中
S08_PCBox_Communications_Failure,global int,1st.prg:6141;1st.prg:6358,1st.prg:6330,通用控制变量,,中
S09_MC_Trouble,global int,1st.prg:6142;1st.prg:6358,1st.prg:6331,通用控制变量,,中
S0_EMO_activated,global int,1st.prg:6139;1st.prg:6358,1st.prg:6328,通用控制变量,,中
S14_WaterOZ_leakage_detected,global int,1st.prg:6143;1st.prg:6358,1st.prg:6332,通用控制变量,,中
S16_Refrigerator_failure,global int,1st.prg:6145;1st.prg:6358,1st.prg:6334,通用控制变量,,中
S19_Exhaust_down,global int,1st.prg:6146;1st.prg:6358,1st.prg:6335,通用控制变量,,中
S20_Pneumatic_down,global int,1st.prg:6147;1st.prg:6358,1st.prg:6336,通用控制变量,,中
S23_Water_flow_down,global int,1st.prg:6148;1st.prg:6358,1st.prg:6337,通用控制变量,,中
S36_External_Alarm_Signal_Detect,global int,1st.prg:6150;1st.prg:6358,1st.prg:6339,通用控制变量,,中
S42_Ozone_excessive_pressure,global int,1st.prg:6151;1st.prg:6358,1st.prg:6340,压力控制相关,,中
SAFIN(CARZ_AxisNum).#LL,special bit,1st.prg:7596,,通用控制变量,CARZ_AxisNum,中
SAFIN(CARZ_PM2_AxisNum).#LL,special bit,1st.prg:6863,,通用控制变量,CARZ_PM2_AxisNum,中
SAFIN(CARZ_PM_AxisNum).#LL,special bit,1st.prg:6856,,通用控制变量,CARZ_PM_AxisNum,中
SAFIN(iAxisNum).#LL,special bit,1st.prg:379;1st.prg:381;1st.prg:395;1st.prg:402;1st.prg:986;1st.prg:988;1st.prg:1002;1st.prg:1009;1st.prg:2296;1st.prg:2298;1st.prg:2312;1st.prg:2319;1st.prg:2989;1st.prg:2991;1st.prg:3005;1st.prg:3012;1st.prg:3682;1st.prg:3684;1st.prg:3698;1st.prg:3705;1st.prg:4375;1st.prg:4377;1st.prg:4391;1st.prg:4398;1st.prg:5068;1st.prg:5070;1st.prg:5084;1st.prg:5091;1st.prg:5761;1st.prg:5763;1st.prg:5777;1st.prg:5784,,通用控制变量,iAxisNum,中
SLLIMIT,unknown unknown,,1st.prg:9162;1st.prg:9172;1st.prg:9191,通用控制变量,,高
SP,global real,1st.prg:6643;1st.prg:6903;1st.prg:7132;1st.prg:7139;1st.prg:7145;1st.prg:7624;1st.prg:8844;1st.prg:9431;1st.prg:9432;1st.prg:9433;1st.prg:9434;1st.prg:10291;1st.prg:10330;1st.prg:10848;1st.prg:11037;1st.prg:11046;1st.prg:11048;1st.prg:11049;1st.prg:11053;1st.prg:11055;1st.prg:11062;1st.prg:11063;1st.prg:11070;1st.prg:11072;1st.prg:11082;1st.prg:11090;1st.prg:11098;1st.prg:11099,1st.prg:10032;1st.prg:10038;1st.prg:10044;1st.prg:10060;1st.prg:10064;1st.prg:10068;1st.prg:10072;1st.prg:10076;1st.prg:10080;1st.prg:10084;1st.prg:10088;1st.prg:10189;1st.prg:10193;1st.prg:10197;1st.prg:10201;1st.prg:10205;1st.prg:10209;1st.prg:10213;1st.prg:10217;1st.prg:10240;1st.prg:10244;1st.prg:10248;1st.prg:10252;1st.prg:10256;1st.prg:10260;1st.prg:10264;1st.prg:10268;1st.prg:10955;1st.prg:11030;1st.prg:11033;1st.prg:11124;1st.prg:11129;1st.prg:11134;1st.prg:11139;1st.prg:11144;1st.prg:11149;1st.prg:11154;1st.prg:11159,设定值/目标位置,,高
SP_Axis,global int,1st.prg:8042;1st.prg:8044;1st.prg:8047;1st.prg:8050;1st.prg:8053;1st.prg:8056;1st.prg:8059;1st.prg:8062;1st.prg:8065;1st.prg:8068;1st.prg:8082;1st.prg:8111;1st.prg:8115;1st.prg:8116;1st.prg:8118;1st.prg:8119;1st.prg:8141;1st.prg:8142;1st.prg:8144;1st.prg:8145;1st.prg:8155;1st.prg:8156;1st.prg:8158;1st.prg:8160;1st.prg:8161;1st.prg:8167;1st.prg:8178;1st.prg:8180;1st.prg:8181;1st.prg:8182;1st.prg:8183;1st.prg:8184;1st.prg:8185;1st.prg:8189;1st.prg:8190,1st.prg:8090;1st.prg:8170,设定值/目标位置,,高
SP_Direction,local real,1st.prg:24;1st.prg:127;1st.prg:192;1st.prg:193;1st.prg:722;1st.prg:1941;1st.prg:2044;1st.prg:2109;1st.prg:2110;1st.prg:2634;1st.prg:2737;1st.prg:2802;1st.prg:2803;1st.prg:3327;1st.prg:3430;1st.prg:3495;1st.prg:3496;1st.prg:4020;1st.prg:4123;1st.prg:4188;1st.prg:4189;1st.prg:4713;1st.prg:4816;1st.prg:4881;1st.prg:4882;1st.prg:5406;1st.prg:5509;1st.prg:5574;1st.prg:5575;1st.prg:8083;1st.prg:8155;1st.prg:8181;1st.prg:8182,1st.prg:68;1st.prg:95;1st.prg:1985;1st.prg:2012;1st.prg:2678;1st.prg:2705;1st.prg:3371;1st.prg:3398;1st.prg:4064;1st.prg:4091;1st.prg:4757;1st.prg:4784;1st.prg:5450;1st.prg:5477;1st.prg:8095;1st.prg:8121,设定值/目标位置,,高
SP_Drive,local real,1st.prg:27;1st.prg:116;1st.prg:117;1st.prg:725;1st.prg:1944;1st.prg:2033;1st.prg:2034;1st.prg:2637;1st.prg:2726;1st.prg:2727;1st.prg:3330;1st.prg:3419;1st.prg:3420;1st.prg:4023;1st.prg:4112;1st.prg:4113;1st.prg:4716;1st.prg:4805;1st.prg:4806;1st.prg:5409;1st.prg:5498;1st.prg:5499;1st.prg:8086;1st.prg:8144;1st.prg:8145,1st.prg:64;1st.prg:1981;1st.prg:2674;1st.prg:3367;1st.prg:4060;1st.prg:4753;1st.prg:5446;1st.prg:8091,设定值/目标位置,,高
SP_Fail_Code,local int,1st.prg:76;1st.prg:139;1st.prg:140;1st.prg:189;1st.prg:195;1st.prg:1993;1st.prg:2056;1st.prg:2057;1st.prg:2106;1st.prg:2112;1st.prg:2686;1st.prg:2749;1st.prg:2750;1st.prg:2799;1st.prg:2805;1st.prg:3379;1st.prg:3442;1st.prg:3443;1st.prg:3492;1st.prg:3498;1st.prg:4072;1st.prg:4135;1st.prg:4136;1st.prg:4185;1st.prg:4191;1st.prg:4765;1st.prg:4828;1st.prg:4829;1st.prg:4878;1st.prg:4884;1st.prg:5458;1st.prg:5521;1st.prg:5522;1st.prg:5571;1st.prg:5577;1st.prg:8099;1st.prg:8167;1st.prg:8168;1st.prg:8178;1st.prg:8184,1st.prg:94;1st.prg:201;1st.prg:2011;1st.prg:2118;1st.prg:2704;1st.prg:2811;1st.prg:3397;1st.prg:3504;1st.prg:4090;1st.prg:4197;1st.prg:4783;1st.prg:4890;1st.prg:5476;1st.prg:5583;1st.prg:8120;1st.prg:8190,设定值/目标位置,,高
SP_InCommutationStartup,local int,1st.prg:82;1st.prg:200;1st.prg:1999;1st.prg:2117;1st.prg:2692;1st.prg:2810;1st.prg:3385;1st.prg:3503;1st.prg:4078;1st.prg:4196;1st.prg:4771;1st.prg:4889;1st.prg:5464;1st.prg:5582;1st.prg:8105;1st.prg:8189,1st.prg:96;1st.prg:138;1st.prg:2013;1st.prg:2055;1st.prg:2706;1st.prg:2748;1st.prg:3399;1st.prg:3441;1st.prg:4092;1st.prg:4134;1st.prg:4785;1st.prg:4827;1st.prg:5478;1st.prg:5520;1st.prg:8122;1st.prg:8166,设定值/目标位置,,高
SP_Init_Offset,local real,1st.prg:29;1st.prg:93;1st.prg:727;1st.prg:1946;1st.prg:2010;1st.prg:2639;1st.prg:2703;1st.prg:3332;1st.prg:3396;1st.prg:4025;1st.prg:4089;1st.prg:4718;1st.prg:4782;1st.prg:5411;1st.prg:5475;1st.prg:8088;1st.prg:8119,1st.prg:67;1st.prg:1984;1st.prg:2677;1st.prg:3370;1st.prg:4063;1st.prg:4756;1st.prg:5449;1st.prg:8094,设定值/目标位置,,高
SP_Max_Search,local real,1st.prg:28;1st.prg:193;1st.prg:726;1st.prg:1945;1st.prg:2110;1st.prg:2638;1st.prg:2803;1st.prg:3331;1st.prg:3496;1st.prg:4024;1st.prg:4189;1st.prg:4717;1st.prg:4882;1st.prg:5410;1st.prg:5575;1st.prg:8087;1st.prg:8182,1st.prg:69;1st.prg:1986;1st.prg:2679;1st.prg:3372;1st.prg:4065;1st.prg:4758;1st.prg:5451;1st.prg:8096,设定值/目标位置,,高
SP_Modbus,global real,1st.prg:6643;1st.prg:7624;1st.prg:7691;1st.prg:7697;1st.prg:7703;1st.prg:8846;1st.prg:9484;1st.prg:9504;1st.prg:10848;1st.prg:10958;1st.prg:10963;1st.prg:10968;1st.prg:10972;1st.prg:10975;1st.prg:10978;1st.prg:10981;1st.prg:10984;1st.prg:10987;1st.prg:10997;1st.prg:11009;1st.prg:11011;1st.prg:11013;1st.prg:11015;1st.prg:11017;1st.prg:11019;1st.prg:11021;1st.prg:11023;1st.prg:11030;1st.prg:11033;1st.prg:11165;1st.prg:11175;1st.prg:11177;1st.prg:11179;1st.prg:11181;1st.prg:11183;1st.prg:11185;1st.prg:11187;1st.prg:11189,1st.prg:10923;1st.prg:10926;1st.prg:10928;1st.prg:10930;1st.prg:10931;1st.prg:10932;1st.prg:10933;1st.prg:10934;1st.prg:10935;1st.prg:10956;1st.prg:11007;1st.prg:11173,设定值/目标位置,,高
SP_Pitch,local real,1st.prg:79;1st.prg:127;1st.prg:1996;1st.prg:2044;1st.prg:2689;1st.prg:2737;1st.prg:3382;1st.prg:3430;1st.prg:4075;1st.prg:4123;1st.prg:4768;1st.prg:4816;1st.prg:5461;1st.prg:5509;1st.prg:8102;1st.prg:8155,1st.prg:85;1st.prg:2002;1st.prg:2695;1st.prg:3388;1st.prg:4081;1st.prg:4774;1st.prg:5467;1st.prg:8111,设定值/目标位置,,高
SP_RobotExt,global real,1st.prg:8229;1st.prg:8350;1st.prg:8358;1st.prg:8360;1st.prg:8420;1st.prg:8854,1st.prg:8325;1st.prg:8431;1st.prg:10033,设定值/目标位置,,高
SP_RobotRot,global real,1st.prg:8229;1st.prg:8448;1st.prg:8471;1st.prg:8492;1st.prg:8526;1st.prg:8664;1st.prg:8665;1st.prg:8667;1st.prg:8668;1st.prg:8684;1st.prg:8685;1st.prg:8687;1st.prg:8688;1st.prg:8854,1st.prg:8334;1st.prg:8336;1st.prg:8538;1st.prg:8542;1st.prg:8549;1st.prg:10039;1st.prg:10045,设定值/目标位置,,高
SP_Search_Vel,local real,1st.prg:26;1st.prg:103;1st.prg:104;1st.prg:127;1st.prg:193;1st.prg:724;1st.prg:1943;1st.prg:2020;1st.prg:2021;1st.prg:2044;1st.prg:2110;1st.prg:2636;1st.prg:2713;1st.prg:2714;1st.prg:2737;1st.prg:2803;1st.prg:3329;1st.prg:3406;1st.prg:3407;1st.prg:3430;1st.prg:3496;1st.prg:4022;1st.prg:4099;1st.prg:4100;1st.prg:4123;1st.prg:4189;1st.prg:4715;1st.prg:4792;1st.prg:4793;1st.prg:4816;1st.prg:4882;1st.prg:5408;1st.prg:5485;1st.prg:5486;1st.prg:5509;1st.prg:5575;1st.prg:8085;1st.prg:8155;1st.prg:8182,1st.prg:66;1st.prg:1983;1st.prg:2676;1st.prg:3369;1st.prg:4062;1st.prg:4755;1st.prg:5448;1st.prg:8093,设定值/目标位置,,高
SP_Settle_Time,local real,1st.prg:25;1st.prg:118;1st.prg:128;1st.prg:196;1st.prg:723;1st.prg:1942;1st.prg:2035;1st.prg:2045;1st.prg:2113;1st.prg:2635;1st.prg:2728;1st.prg:2738;1st.prg:2806;1st.prg:3328;1st.prg:3421;1st.prg:3431;1st.prg:3499;1st.prg:4021;1st.prg:4114;1st.prg:4124;1st.prg:4192;1st.prg:4714;1st.prg:4807;1st.prg:4817;1st.prg:4885;1st.prg:5407;1st.prg:5500;1st.prg:5510;1st.prg:5578;1st.prg:8084;1st.prg:8146;1st.prg:8156;1st.prg:8185,1st.prg:65;1st.prg:1982;1st.prg:2675;1st.prg:3368;1st.prg:4061;1st.prg:4754;1st.prg:5447;1st.prg:8092,设定值/目标位置,,高
SRLIMIT,unknown unknown,,1st.prg:9161;1st.prg:9171;1st.prg:9190,通用控制变量,,高
STJogging_Command,local int,1st.prg:6905;1st.prg:6996;1st.prg:7058;1st.prg:7060;1st.prg:7062,1st.prg:6916;1st.prg:6998;1st.prg:7000;1st.prg:7002,局部计算/临时变量,,低
STJogging_Command_Old,local int,1st.prg:6905;1st.prg:7058,1st.prg:6918;1st.prg:6996,局部计算/临时变量,,低
SWVersion0,global int tag 1002,1st.prg:11490,1st.prg:8925,通用控制变量,0,中
SWVersion1,global int tag 1202,1st.prg:11572,,通用控制变量,1,中
SWVersion2,global int tag 1102,1st.prg:11531,,通用控制变量,2,中
SWVersion3,global int tag 1302,1st.prg:11613,,通用控制变量,3,中
SWVersion4,global int tag 1402,1st.prg:11652,,通用控制变量,4,中
SWVersion5,global int tag 1602,1st.prg:11731,,通用控制变量,5,中
SWVersion6,global int tag 1502,1st.prg:11692,,通用控制变量,6,中
SWVersion7,global int tag 1702,1st.prg:11770,,通用控制变量,7,中
SafetyShutDownPressure0,global real tag 1016,1st.prg:11504,,压力控制相关,0,中
SafetyShutDownPressure1,global real tag 1216,1st.prg:1523;1st.prg:1779;1st.prg:1886;1st.prg:1887;1st.prg:1891;1st.prg:1892;1st.prg:11586,1st.prg:1522;1st.prg:1888,压力控制相关,1,中
SafetyShutDownPressure2,global real tag 1116,1st.prg:11545,,压力控制相关,2,中
SafetyShutDownPressure3,global real tag 1316,1st.prg:11626,,压力控制相关,3,中
SafetyShutDownPressure4,global real tag 1416,1st.prg:11666,,压力控制相关,4,中
SafetyShutDownPressure5,global real tag 1616,1st.prg:11744,,压力控制相关,5,中
SafetyShutDownPressure6,global real tag 1516,1st.prg:11705,,压力控制相关,6,中
SafetyShutDownPressure7,global real tag 1716,1st.prg:11783,,压力控制相关,7,中
SafetyShutDownPressure_Prev,local real,1st.prg:1391;1st.prg:1886;1st.prg:1888,1st.prg:1523;1st.prg:1891,压力控制相关,,中
SamplingTime,local real,1st.prg:7835;1st.prg:7852;1st.prg:7878;1st.prg:7896;1st.prg:7911;1st.prg:7927;1st.prg:7942,1st.prg:7839,局部计算/临时变量,,低
SecondEdge,local real,1st.prg:638;1st.prg:660;1st.prg:1245;1st.prg:1267;1st.prg:2555;1st.prg:2577;1st.prg:3248;1st.prg:3270;1st.prg:3941;1st.prg:3963;1st.prg:4634;1st.prg:4656;1st.prg:5327;1st.prg:5349;1st.prg:6020;1st.prg:6042,1st.prg:657;1st.prg:1264;1st.prg:2574;1st.prg:3267;1st.prg:3960;1st.prg:4653;1st.prg:5346;1st.prg:6039,局部计算/临时变量,,低
SlaveChannel,local int,1st.prg:6796;1st.prg:6827;1st.prg:6829;1st.prg:6831;1st.prg:6837;1st.prg:6838;1st.prg:6868;1st.prg:6870,1st.prg:6803,通讯/Modbus,,中
SlaveId,local int,1st.prg:6796;1st.prg:6812;1st.prg:6818,1st.prg:6805,通讯/Modbus,,中
SlaveIp,local int,1st.prg:6796;1st.prg:6829,1st.prg:6804,通讯/Modbus,,中
SomethingChanged,local int,1st.prg:6637;1st.prg:6721,1st.prg:6679;1st.prg:6684;1st.prg:6690;1st.prg:6695;1st.prg:6701;1st.prg:6706;1st.prg:6712;1st.prg:6717;1st.prg:6723,局部计算/临时变量,,低
Sp0,global real tag 1067,1st.prg:6727;1st.prg:6729;1st.prg:6731;1st.prg:6733;1st.prg:6778;1st.prg:8317;1st.prg:8319;1st.prg:8325;1st.prg:8431;1st.prg:8432;1st.prg:8628;1st.prg:8644;1st.prg:9255;1st.prg:10031;1st.prg:10032;1st.prg:10033;1st.prg:10034;1st.prg:10059;1st.prg:10060;1st.prg:10188;1st.prg:10189;1st.prg:10239;1st.prg:10240;1st.prg:10923;1st.prg:11123;1st.prg:11124;1st.prg:11512,1st.prg:259;1st.prg:342;1st.prg:438;1st.prg:479;1st.prg:560;1st.prg:679;1st.prg:866;1st.prg:949;1st.prg:1045;1st.prg:1086;1st.prg:1167;1st.prg:1286;1st.prg:1364;1st.prg:2176;1st.prg:2259;1st.prg:2355;1st.prg:2396;1st.prg:2477;1st.prg:2596;1st.prg:2869;1st.prg:2952;1st.prg:3048;1st.prg:3089;1st.prg:3170;1st.prg:3289;1st.prg:3562;1st.prg:3645;1st.prg:3741;1st.prg:3782;1st.prg:3863;1st.prg:3982;1st.prg:4255;1st.prg:4338;1st.prg:4434;1st.prg:4475;1st.prg:4556;1st.prg:4675;1st.prg:4948;1st.prg:5031;1st.prg:5127;1st.prg:5168;1st.prg:5249;1st.prg:5368;1st.prg:5641;1st.prg:5724;1st.prg:5820;1st.prg:5861;1st.prg:5942;1st.prg:6061;1st.prg:7108;1st.prg:7671;1st.prg:7900;1st.prg:8265;1st.prg:8318;1st.prg:8320;1st.prg:8328;1st.prg:8430;1st.prg:9246;1st.prg:10030;1st.prg:10058;1st.prg:10187;1st.prg:10238;1st.prg:10294;1st.prg:10335;1st.prg:10543;1st.prg:10807;1st.prg:10958;1st.prg:11009;1st.prg:11122;1st.prg:11175;1st.prg:11217,设定值/目标位置,0,高
Sp1,global real tag 1267,1st.prg:8334;1st.prg:8538;1st.prg:8539;1st.prg:8730;1st.prg:8733;1st.prg:9256;1st.prg:10037;1st.prg:10038;1st.prg:10039;1st.prg:10040;1st.prg:10063;1st.prg:10064;1st.prg:10192;1st.prg:10193;1st.prg:10243;1st.prg:10244;1st.prg:10926;1st.prg:10928;1st.prg:11128;1st.prg:11129;1st.prg:11594,1st.prg:261;1st.prg:344;1st.prg:440;1st.prg:481;1st.prg:562;1st.prg:681;1st.prg:868;1st.prg:951;1st.prg:1047;1st.prg:1088;1st.prg:1169;1st.prg:1288;1st.prg:1366;1st.prg:2178;1st.prg:2261;1st.prg:2357;1st.prg:2398;1st.prg:2479;1st.prg:2598;1st.prg:2871;1st.prg:2954;1st.prg:3050;1st.prg:3091;1st.prg:3172;1st.prg:3291;1st.prg:3564;1st.prg:3647;1st.prg:3743;1st.prg:3784;1st.prg:3865;1st.prg:3984;1st.prg:4257;1st.prg:4340;1st.prg:4436;1st.prg:4477;1st.prg:4558;1st.prg:4677;1st.prg:4950;1st.prg:5033;1st.prg:5129;1st.prg:5170;1st.prg:5251;1st.prg:5370;1st.prg:5643;1st.prg:5726;1st.prg:5822;1st.prg:5863;1st.prg:5944;1st.prg:6063;1st.prg:7110;1st.prg:7673;1st.prg:7915;1st.prg:8267;1st.prg:8340;1st.prg:8537;1st.prg:9247;1st.prg:10036;1st.prg:10062;1st.prg:10191;1st.prg:10242;1st.prg:10296;1st.prg:10337;1st.prg:10545;1st.prg:10810;1st.prg:10963;1st.prg:10965;1st.prg:10968;1st.prg:11011;1st.prg:11127;1st.prg:11177;1st.prg:11219,设定值/目标位置,1,高
Sp2,global real tag 1167,1st.prg:8336;1st.prg:8542;1st.prg:8543;1st.prg:8754;1st.prg:8757;1st.prg:9257;1st.prg:10043;1st.prg:10044;1st.prg:10045;1st.prg:10046;1st.prg:10067;1st.prg:10068;1st.prg:10196;1st.prg:10197;1st.prg:10247;1st.prg:10248;1st.prg:10930;1st.prg:11133;1st.prg:11134;1st.prg:11553,1st.prg:263;1st.prg:346;1st.prg:442;1st.prg:483;1st.prg:564;1st.prg:683;1st.prg:870;1st.prg:953;1st.prg:1049;1st.prg:1090;1st.prg:1171;1st.prg:1290;1st.prg:1368;1st.prg:2180;1st.prg:2263;1st.prg:2359;1st.prg:2400;1st.prg:2481;1st.prg:2600;1st.prg:2873;1st.prg:2956;1st.prg:3052;1st.prg:3093;1st.prg:3174;1st.prg:3293;1st.prg:3566;1st.prg:3649;1st.prg:3745;1st.prg:3786;1st.prg:3867;1st.prg:3986;1st.prg:4259;1st.prg:4342;1st.prg:4438;1st.prg:4479;1st.prg:4560;1st.prg:4679;1st.prg:4952;1st.prg:5035;1st.prg:5131;1st.prg:5172;1st.prg:5253;1st.prg:5372;1st.prg:5645;1st.prg:5728;1st.prg:5824;1st.prg:5865;1st.prg:5946;1st.prg:6065;1st.prg:7675;1st.prg:7932;1st.prg:8269;1st.prg:8342;1st.prg:8541;1st.prg:9248;1st.prg:10042;1st.prg:10066;1st.prg:10195;1st.prg:10246;1st.prg:10298;1st.prg:10339;1st.prg:10547;1st.prg:10812;1st.prg:10972;1st.prg:11013;1st.prg:11132;1st.prg:11179;1st.prg:11221,设定值/目标位置,2,高
Sp3,global real tag 1367,1st.prg:9258;1st.prg:10071;1st.prg:10072;1st.prg:10200;1st.prg:10201;1st.prg:10251;1st.prg:10252;1st.prg:10931;1st.prg:11138;1st.prg:11139;1st.prg:11634,1st.prg:265;1st.prg:348;1st.prg:444;1st.prg:485;1st.prg:566;1st.prg:685;1st.prg:872;1st.prg:955;1st.prg:1051;1st.prg:1092;1st.prg:1173;1st.prg:1292;1st.prg:1370;1st.prg:2182;1st.prg:2265;1st.prg:2361;1st.prg:2402;1st.prg:2483;1st.prg:2602;1st.prg:2875;1st.prg:2958;1st.prg:3054;1st.prg:3095;1st.prg:3176;1st.prg:3295;1st.prg:3568;1st.prg:3651;1st.prg:3747;1st.prg:3788;1st.prg:3869;1st.prg:3988;1st.prg:4261;1st.prg:4344;1st.prg:4440;1st.prg:4481;1st.prg:4562;1st.prg:4681;1st.prg:4954;1st.prg:5037;1st.prg:5133;1st.prg:5174;1st.prg:5255;1st.prg:5374;1st.prg:5647;1st.prg:5730;1st.prg:5826;1st.prg:5867;1st.prg:5948;1st.prg:6067;1st.prg:7112;1st.prg:7114;1st.prg:7677;1st.prg:7946;1st.prg:9249;1st.prg:10070;1st.prg:10199;1st.prg:10250;1st.prg:10300;1st.prg:10341;1st.prg:10975;1st.prg:11015;1st.prg:11137;1st.prg:11181;1st.prg:11223,设定值/目标位置,3,高
Sp4,global real tag 1467,1st.prg:9259;1st.prg:10075;1st.prg:10076;1st.prg:10204;1st.prg:10205;1st.prg:10255;1st.prg:10256;1st.prg:10932;1st.prg:11143;1st.prg:11144;1st.prg:11674,1st.prg:267;1st.prg:350;1st.prg:446;1st.prg:487;1st.prg:568;1st.prg:687;1st.prg:874;1st.prg:957;1st.prg:1053;1st.prg:1094;1st.prg:1175;1st.prg:1294;1st.prg:1372;1st.prg:2184;1st.prg:2267;1st.prg:2363;1st.prg:2404;1st.prg:2485;1st.prg:2604;1st.prg:2877;1st.prg:2960;1st.prg:3056;1st.prg:3097;1st.prg:3178;1st.prg:3297;1st.prg:3570;1st.prg:3653;1st.prg:3749;1st.prg:3790;1st.prg:3871;1st.prg:3990;1st.prg:4263;1st.prg:4346;1st.prg:4442;1st.prg:4483;1st.prg:4564;1st.prg:4683;1st.prg:4956;1st.prg:5039;1st.prg:5135;1st.prg:5176;1st.prg:5257;1st.prg:5376;1st.prg:5649;1st.prg:5732;1st.prg:5828;1st.prg:5869;1st.prg:5950;1st.prg:6069;1st.prg:7116;1st.prg:7679;1st.prg:9250;1st.prg:10074;1st.prg:10203;1st.prg:10254;1st.prg:10302;1st.prg:10343;1st.prg:10978;1st.prg:11017;1st.prg:11142;1st.prg:11183;1st.prg:11225,设定值/目标位置,4,高
Sp5,global real tag 1667,1st.prg:9260;1st.prg:10079;1st.prg:10080;1st.prg:10208;1st.prg:10209;1st.prg:10259;1st.prg:10260;1st.prg:10933;1st.prg:11148;1st.prg:11149;1st.prg:11752,1st.prg:269;1st.prg:352;1st.prg:448;1st.prg:489;1st.prg:570;1st.prg:689;1st.prg:876;1st.prg:959;1st.prg:1055;1st.prg:1096;1st.prg:1177;1st.prg:1296;1st.prg:1374;1st.prg:2186;1st.prg:2269;1st.prg:2365;1st.prg:2406;1st.prg:2487;1st.prg:2606;1st.prg:2879;1st.prg:2962;1st.prg:3058;1st.prg:3099;1st.prg:3180;1st.prg:3299;1st.prg:3572;1st.prg:3655;1st.prg:3751;1st.prg:3792;1st.prg:3873;1st.prg:3992;1st.prg:4265;1st.prg:4348;1st.prg:4444;1st.prg:4485;1st.prg:4566;1st.prg:4685;1st.prg:4958;1st.prg:5041;1st.prg:5137;1st.prg:5178;1st.prg:5259;1st.prg:5378;1st.prg:5651;1st.prg:5734;1st.prg:5830;1st.prg:5871;1st.prg:5952;1st.prg:6071;1st.prg:7118;1st.prg:7681;1st.prg:9251;1st.prg:10078;1st.prg:10207;1st.prg:10258;1st.prg:10304;1st.prg:10345;1st.prg:10981;1st.prg:11019;1st.prg:11147;1st.prg:11185;1st.prg:11227,设定值/目标位置,5,高
Sp6,global real tag 1567,1st.prg:9261;1st.prg:10083;1st.prg:10084;1st.prg:10212;1st.prg:10213;1st.prg:10263;1st.prg:10264;1st.prg:10934;1st.prg:11153;1st.prg:11154;1st.prg:11713,1st.prg:271;1st.prg:354;1st.prg:450;1st.prg:491;1st.prg:572;1st.prg:691;1st.prg:878;1st.prg:961;1st.prg:1057;1st.prg:1098;1st.prg:1179;1st.prg:1298;1st.prg:1376;1st.prg:2188;1st.prg:2271;1st.prg:2367;1st.prg:2408;1st.prg:2489;1st.prg:2608;1st.prg:2881;1st.prg:2964;1st.prg:3060;1st.prg:3101;1st.prg:3182;1st.prg:3301;1st.prg:3574;1st.prg:3657;1st.prg:3753;1st.prg:3794;1st.prg:3875;1st.prg:3994;1st.prg:4267;1st.prg:4350;1st.prg:4446;1st.prg:4487;1st.prg:4568;1st.prg:4687;1st.prg:4960;1st.prg:5043;1st.prg:5139;1st.prg:5180;1st.prg:5261;1st.prg:5380;1st.prg:5653;1st.prg:5736;1st.prg:5832;1st.prg:5873;1st.prg:5954;1st.prg:6073;1st.prg:7120;1st.prg:7683;1st.prg:9252;1st.prg:10082;1st.prg:10211;1st.prg:10262;1st.prg:10306;1st.prg:10347;1st.prg:10984;1st.prg:11021;1st.prg:11152;1st.prg:11187;1st.prg:11229,设定值/目标位置,6,高
Sp7,global real tag 1767,1st.prg:9262;1st.prg:10087;1st.prg:10088;1st.prg:10216;1st.prg:10217;1st.prg:10267;1st.prg:10268;1st.prg:10935;1st.prg:11158;1st.prg:11159;1st.prg:11791,1st.prg:273;1st.prg:356;1st.prg:452;1st.prg:493;1st.prg:574;1st.prg:693;1st.prg:880;1st.prg:963;1st.prg:1059;1st.prg:1100;1st.prg:1181;1st.prg:1300;1st.prg:1378;1st.prg:2190;1st.prg:2273;1st.prg:2369;1st.prg:2410;1st.prg:2491;1st.prg:2610;1st.prg:2883;1st.prg:2966;1st.prg:3062;1st.prg:3103;1st.prg:3184;1st.prg:3303;1st.prg:3576;1st.prg:3659;1st.prg:3755;1st.prg:3796;1st.prg:3877;1st.prg:3996;1st.prg:4269;1st.prg:4352;1st.prg:4448;1st.prg:4489;1st.prg:4570;1st.prg:4689;1st.prg:4962;1st.prg:5045;1st.prg:5141;1st.prg:5182;1st.prg:5263;1st.prg:5382;1st.prg:5655;1st.prg:5738;1st.prg:5834;1st.prg:5875;1st.prg:5956;1st.prg:6075;1st.prg:7122;1st.prg:7685;1st.prg:9253;1st.prg:10086;1st.prg:10215;1st.prg:10266;1st.prg:10308;1st.prg:10349;1st.prg:10987;1st.prg:11023;1st.prg:11157;1st.prg:11189;1st.prg:11231,设定值/目标位置,7,高
StartTime,local real,1st.prg:8836;1st.prg:9948,1st.prg:9944,局部计算/临时变量,,低
StartingReadRegister,local int,1st.prg:6800;1st.prg:6814,1st.prg:6807,局部计算/临时变量,,低
StartingWriteRegister,local int,1st.prg:6800;1st.prg:6820,1st.prg:6809,局部计算/临时变量,,低
StatusCaptureFEED_ON,local int,1st.prg:6116,,局部计算/临时变量,,中
StatusCapturePOGON,local int,1st.prg:6115,,局部计算/临时变量,,中
StatusWord,global int tag 1836,1st.prg:11824,1st.prg:6669;1st.prg:6670,通用控制变量,,中
StatusWord0,global int tag 1017,1st.prg:8299;1st.prg:11202;1st.prg:11298;1st.prg:11505,,通用控制变量,0,中
StatusWord0.5,special bit,1st.prg:10863;1st.prg:11202;1st.prg:11242,1st.prg:10863;1st.prg:11242,通用控制变量,5,中
StatusWord0.6,special bit,1st.prg:8297;1st.prg:8299;1st.prg:8308;1st.prg:10872,1st.prg:8297;1st.prg:8308;1st.prg:10872,通用控制变量,6,中
StatusWord0.7,special bit,1st.prg:10874;1st.prg:10882;1st.prg:11298;1st.prg:11306,1st.prg:10874;1st.prg:10882;1st.prg:11306,通用控制变量,7,中
StatusWord1,global int tag 1217,1st.prg:1681;1st.prg:11203;1st.prg:11310;1st.prg:11587,,通用控制变量,1,中
StatusWord1.10,special bit,1st.prg:1681,,通用控制变量,0,中
StatusWord1.5,special bit,1st.prg:10864;1st.prg:11203;1st.prg:11243,1st.prg:10864;1st.prg:11243,通用控制变量,5,中
StatusWord1.7,special bit,1st.prg:10875;1st.prg:11310;1st.prg:11318,1st.prg:10875;1st.prg:11318,通用控制变量,7,中
StatusWord2,global int tag 1117,1st.prg:11204;1st.prg:11323;1st.prg:11546,,通用控制变量,2,中
StatusWord2.5,special bit,1st.prg:10865;1st.prg:11204;1st.prg:11244,1st.prg:10865;1st.prg:11244,通用控制变量,5,中
StatusWord2.7,special bit,1st.prg:10876;1st.prg:11323;1st.prg:11331,1st.prg:10876;1st.prg:11331,通用控制变量,7,中
StatusWord3,global int tag 1317,1st.prg:11205;1st.prg:11335;1st.prg:11627,,通用控制变量,3,中
StatusWord3.5,special bit,1st.prg:10866;1st.prg:11205;1st.prg:11245,1st.prg:10866;1st.prg:11245,通用控制变量,5,中
StatusWord3.7,special bit,1st.prg:10877;1st.prg:11335;1st.prg:11343,1st.prg:10877;1st.prg:11343,通用控制变量,7,中
StatusWord4,global int tag 1417,1st.prg:11206;1st.prg:11348;1st.prg:11667,,通用控制变量,4,中
StatusWord4.5,special bit,1st.prg:10867;1st.prg:11206;1st.prg:11246,1st.prg:10867;1st.prg:11246,通用控制变量,5,中
StatusWord4.7,special bit,1st.prg:10878;1st.prg:11348;1st.prg:11356,1st.prg:10878;1st.prg:11356,通用控制变量,7,中
StatusWord5,global int tag 1617,1st.prg:11207;1st.prg:11361;1st.prg:11745,,通用控制变量,5,中
StatusWord5.5,special bit,1st.prg:10868;1st.prg:11207;1st.prg:11247,1st.prg:10868;1st.prg:11247,通用控制变量,5,中
StatusWord5.7,special bit,1st.prg:10879;1st.prg:11361;1st.prg:11369,1st.prg:10879;1st.prg:11369,通用控制变量,7,中
StatusWord6,global int tag 1517,1st.prg:11208;1st.prg:11374;1st.prg:11706,,通用控制变量,6,中
StatusWord6.5,special bit,1st.prg:10869;1st.prg:11208;1st.prg:11248,1st.prg:10869;1st.prg:11248,通用控制变量,5,中
StatusWord6.7,special bit,1st.prg:10880;1st.prg:11374;1st.prg:11382,1st.prg:10880;1st.prg:11382,通用控制变量,7,中
StatusWord7,global int tag 1717,1st.prg:11209;1st.prg:11387;1st.prg:11784,,通用控制变量,7,中
StatusWord7.5,special bit,1st.prg:10870;1st.prg:11209;1st.prg:11249,1st.prg:10870;1st.prg:11249,通用控制变量,5,中
StatusWord7.7,special bit,1st.prg:10881;1st.prg:11387;1st.prg:11395,1st.prg:10881;1st.prg:11395,通用控制变量,7,中
Sub_part_number,global int,1st.prg:8827,1st.prg:8921,通用控制变量,,中
T,global axisdef,1st.prg:11409,,通用控制变量,,中
TPOS,unknown unknown,,1st.prg:311;1st.prg:334;1st.prg:407;1st.prg:430;1st.prg:469;1st.prg:664;1st.prg:667;1st.prg:918;1st.prg:941;1st.prg:1014;1st.prg:1037;1st.prg:1076;1st.prg:1271;1st.prg:1274;1st.prg:2228;1st.prg:2251;1st.prg:2324;1st.prg:2347;1st.prg:2386;1st.prg:2581;1st.prg:2584;1st.prg:2921;1st.prg:2944;1st.prg:3017;1st.prg:3040;1st.prg:3079;1st.prg:3274;1st.prg:3277;1st.prg:3614;1st.prg:3637;1st.prg:3710;1st.prg:3733;1st.prg:3772;1st.prg:3967;1st.prg:3970;1st.prg:4307;1st.prg:4330;1st.prg:4403;1st.prg:4426;1st.prg:4465;1st.prg:4660;1st.prg:4663;1st.prg:5000;1st.prg:5023;1st.prg:5096;1st.prg:5119;1st.prg:5158;1st.prg:5353;1st.prg:5356;1st.prg:5693;1st.prg:5716;1st.prg:5789;1st.prg:5812;1st.prg:5851;1st.prg:6046;1st.prg:6049;1st.prg:10525;1st.prg:10526;1st.prg:10763;1st.prg:10764;1st.prg:10802;1st.prg:10803,通用控制变量,,中
Timeout,local int,1st.prg:6179;1st.prg:6260;1st.prg:6281;1st.prg:6288;1st.prg:6295;1st.prg:6302;1st.prg:6309;1st.prg:6326;1st.prg:6379;1st.prg:6386;1st.prg:6401;1st.prg:6408;1st.prg:6416;1st.prg:6423;1st.prg:6431;1st.prg:6437;1st.prg:6445;1st.prg:6451;1st.prg:6459;1st.prg:6465;1st.prg:6473;1st.prg:6479;1st.prg:6487;1st.prg:6493;1st.prg:6524;1st.prg:6532;1st.prg:6539;1st.prg:6546;1st.prg:6554;1st.prg:6561;1st.prg:6568;1st.prg:6575;1st.prg:6912;1st.prg:7161;1st.prg:7269;1st.prg:7378,1st.prg:6211;1st.prg:6922;1st.prg:7165;1st.prg:7273;1st.prg:7382,局部计算/临时变量,,低
TimerON,local int,1st.prg:8837;1st.prg:9940,1st.prg:9945;1st.prg:9963,局部计算/临时变量,,低
UseAnalogCmd,global real,1st.prg:7828;1st.prg:7837;1st.prg:7840;1st.prg:8975;1st.prg:9691;1st.prg:11454,,通用控制变量,,中
V,global real,1st.prg:11413,,通用控制变量,,中
V0,global real,1st.prg:11413,,通用控制变量,0,中
V1,global real,1st.prg:11413,,通用控制变量,1,中
V2,global real,1st.prg:11413,,通用控制变量,2,中
V3,global real,1st.prg:11413,,通用控制变量,3,中
V4,global real,1st.prg:11413,,通用控制变量,4,中
V5,global real,1st.prg:11413,,通用控制变量,5,中
V6,global real,1st.prg:11413,,通用控制变量,6,中
V7,global real,1st.prg:11413,,通用控制变量,7,中
V8,global real,1st.prg:11413,,通用控制变量,,中
V9,global real,1st.prg:11413,,通用控制变量,,中
V90,global real,1st.prg:11413,,通用控制变量,0,中
V91,global real,1st.prg:11413,,通用控制变量,1,中
V92,global real,1st.prg:11413,,通用控制变量,2,中
V93,global real,1st.prg:11413,,通用控制变量,3,中
V94,global real,1st.prg:11413,,通用控制变量,4,中
V95,global real,1st.prg:11413,,通用控制变量,5,中
V96,global real,1st.prg:11413,,通用控制变量,6,中
V97,global real,1st.prg:11413,,通用控制变量,7,中
V98,global real,1st.prg:11413,,通用控制变量,,中
V99,global real,1st.prg:11413,,通用控制变量,,中
VEL,unknown unknown,1st.prg:9469;1st.prg:9470,1st.prg:1425;1st.prg:8379;1st.prg:8380;1st.prg:8390;1st.prg:8391;1st.prg:8500;1st.prg:8501;1st.prg:9156;1st.prg:9166;1st.prg:9176;1st.prg:9185;1st.prg:9196;1st.prg:9204,运动参数/速度曲线,,高
VELDIR1,global int tag 1289,1st.prg:8479;1st.prg:8484;1st.prg:11608,1st.prg:8483;1st.prg:8488,运动参数/速度曲线,1,高
VELDIR2,global int tag 1189,1st.prg:11567,,运动参数/速度曲线,2,高
VKI0,global real tag 1071,1st.prg:11515,1st.prg:9036,通用控制变量,0,中
VKI1,global real tag 1271,1st.prg:11597,1st.prg:9040,通用控制变量,1,中
VKI2,global real tag 1171,1st.prg:11556,1st.prg:9044,通用控制变量,2,中
VKI3,global real tag 1371,1st.prg:11637,1st.prg:9048,通用控制变量,3,中
VKI4,global real tag 1471,1st.prg:11677,1st.prg:9052,通用控制变量,4,中
VKI5,global real tag 1671,1st.prg:11755,1st.prg:9056,通用控制变量,5,中
VKI6,global real tag 1571,1st.prg:11716,1st.prg:9060,通用控制变量,6,中
VKI7,global real tag 1771,1st.prg:11794,1st.prg:9064,通用控制变量,7,中
VKP0,global real tag 1070,1st.prg:11514,1st.prg:9035,通用控制变量,0,中
VKP1,global real tag 1270,1st.prg:11596,1st.prg:9039,通用控制变量,1,中
VKP2,global real tag 1170,1st.prg:11555,1st.prg:9043,通用控制变量,2,中
VKP3,global real tag 1370,1st.prg:11636,1st.prg:9047,通用控制变量,3,中
VKP4,global real tag 1470,1st.prg:11676,1st.prg:9051,通用控制变量,4,中
VKP5,global real tag 1670,1st.prg:11754,1st.prg:9055,通用控制变量,5,中
VKP6,global real tag 1570,1st.prg:11715,1st.prg:9059,通用控制变量,6,中
VKP7,global real tag 1770,1st.prg:11793,1st.prg:9063,通用控制变量,7,中
Valve_Scaling_Factor0,global real tag 1011,1st.prg:11499,,通用控制变量,0,中
Valve_Scaling_Factor1,global real tag 1211,1st.prg:1471;1st.prg:1582;1st.prg:1618;1st.prg:1712;1st.prg:1852;1st.prg:1853;1st.prg:1857;1st.prg:1858;1st.prg:11581,1st.prg:1470;1st.prg:1854,通用控制变量,1,中
Valve_Scaling_Factor2,global real tag 1111,1st.prg:11540,,通用控制变量,2,中
Valve_Scaling_Factor3,global real tag 1311,1st.prg:11621,,通用控制变量,3,中
Valve_Scaling_Factor4,global real tag 1411,1st.prg:11661,,通用控制变量,4,中
Valve_Scaling_Factor5,global real tag 1611,1st.prg:11739,,通用控制变量,5,中
Valve_Scaling_Factor6,global real tag 1511,1st.prg:11700,,通用控制变量,6,中
Valve_Scaling_Factor7,global real tag 1711,1st.prg:11778,,通用控制变量,7,中
Valve_Scaling_Factor_Prev,local real,1st.prg:1391;1st.prg:1852;1st.prg:1854,1st.prg:1471;1st.prg:1857,局部计算/临时变量,,低
WkSp0,global real tag 1051,1st.prg:8254;1st.prg:8430;1st.prg:8646;1st.prg:9246;1st.prg:10030;1st.prg:10058;1st.prg:10187;1st.prg:10238;1st.prg:11122;1st.prg:11511,1st.prg:8613;1st.prg:9542,设定值/目标位置,0,高
WkSp1,global real tag 1251,1st.prg:8256;1st.prg:8537;1st.prg:8735;1st.prg:9247;1st.prg:10036;1st.prg:10062;1st.prg:10191;1st.prg:10242;1st.prg:11127;1st.prg:11593,1st.prg:8722;1st.prg:9562;1st.prg:9565;1st.prg:9570,设定值/目标位置,1,高
WkSp2,global real tag 1151,1st.prg:8258;1st.prg:8541;1st.prg:8759;1st.prg:9248;1st.prg:10042;1st.prg:10066;1st.prg:10195;1st.prg:10246;1st.prg:11132;1st.prg:11552,1st.prg:8746;1st.prg:9590,设定值/目标位置,2,高
WkSp3,global real tag 1351,1st.prg:9249;1st.prg:10070;1st.prg:10199;1st.prg:10250;1st.prg:11137;1st.prg:11633,1st.prg:9605,设定值/目标位置,3,高
WkSp4,global real tag 1451,1st.prg:9250;1st.prg:10074;1st.prg:10203;1st.prg:10254;1st.prg:11142;1st.prg:11673,1st.prg:9620,设定值/目标位置,4,高
WkSp5,global real tag 1651,1st.prg:9251;1st.prg:10078;1st.prg:10207;1st.prg:10258;1st.prg:11147;1st.prg:11751,1st.prg:9636,设定值/目标位置,5,高
WkSp6,global real tag 1551,1st.prg:9252;1st.prg:10082;1st.prg:10211;1st.prg:10262;1st.prg:11152;1st.prg:11712,1st.prg:9653,设定值/目标位置,6,高
WkSp7,global real tag 1751,1st.prg:9253;1st.prg:10086;1st.prg:10215;1st.prg:10266;1st.prg:11157;1st.prg:11790,1st.prg:9670,设定值/目标位置,7,高
WriteFunctionCode,local int,1st.prg:6799;1st.prg:6819,1st.prg:6808,局部计算/临时变量,,低
WriteIsAllowed,local int,1st.prg:6248;1st.prg:6381;1st.prg:6403;1st.prg:6418;1st.prg:6433;1st.prg:6447;1st.prg:6461;1st.prg:6475;1st.prg:6489,1st.prg:6249,局部计算/临时变量,,低
WriteRequest,local int,1st.prg:6798;1st.prg:6868,1st.prg:6818;1st.prg:6819;1st.prg:6820;1st.prg:6821;1st.prg:6822;1st.prg:6823;1st.prg:6824;1st.prg:6854;1st.prg:6859;1st.prg:6861;1st.prg:6866,局部计算/临时变量,,低
WriteResponse,local int,1st.prg:6798;1st.prg:6870,,设定值/目标位置,,高
X,global axisdef,1st.prg:11409,,通用控制变量,,中
XCURI,unknown unknown,1st.prg:297;1st.prg:386;1st.prg:510;1st.prg:825;1st.prg:904;1st.prg:993;1st.prg:1117;1st.prg:1317;1st.prg:2135;1st.prg:2214;1st.prg:2303;1st.prg:2427;1st.prg:2828;1st.prg:2907;1st.prg:2996;1st.prg:3120;1st.prg:3521;1st.prg:3600;1st.prg:3689;1st.prg:3813;1st.prg:4214;1st.prg:4293;1st.prg:4382;1st.prg:4506;1st.prg:4907;1st.prg:4986;1st.prg:5075;1st.prg:5199;1st.prg:5600;1st.prg:5679;1st.prg:5768;1st.prg:5892;1st.prg:10401;1st.prg:10403;1st.prg:10698;1st.prg:10700,1st.prg:220;1st.prg:239;1st.prg:245;1st.prg:299;1st.prg:316;1st.prg:322;1st.prg:388;1st.prg:418;1st.prg:517;1st.prg:541;1st.prg:546;1st.prg:827;1st.prg:846;1st.prg:852;1st.prg:906;1st.prg:923;1st.prg:929;1st.prg:995;1st.prg:1025;1st.prg:1124;1st.prg:1148;1st.prg:1153;1st.prg:1319;1st.prg:1342;1st.prg:1347;1st.prg:1419;1st.prg:2137;1st.prg:2156;1st.prg:2162;1st.prg:2216;1st.prg:2233;1st.prg:2239;1st.prg:2305;1st.prg:2335;1st.prg:2434;1st.prg:2458;1st.prg:2463;1st.prg:2830;1st.prg:2849;1st.prg:2855;1st.prg:2909;1st.prg:2926;1st.prg:2932;1st.prg:2998;1st.prg:3028;1st.prg:3127;1st.prg:3151;1st.prg:3156;1st.prg:3523;1st.prg:3542;1st.prg:3548;1st.prg:3602;1st.prg:3619;1st.prg:3625;1st.prg:3691;1st.prg:3721;1st.prg:3820;1st.prg:3844;1st.prg:3849;1st.prg:4216;1st.prg:4235;1st.prg:4241;1st.prg:4295;1st.prg:4312;1st.prg:4318;1st.prg:4384;1st.prg:4414;1st.prg:4513;1st.prg:4537;1st.prg:4542;1st.prg:4909;1st.prg:4928;1st.prg:4934;1st.prg:4988;1st.prg:5005;1st.prg:5011;1st.prg:5077;1st.prg:5107;1st.prg:5206;1st.prg:5230;1st.prg:5235;1st.prg:5602;1st.prg:5621;1st.prg:5627;1st.prg:5681;1st.prg:5698;1st.prg:5704;1st.prg:5770;1st.prg:5800;1st.prg:5899;1st.prg:5923;1st.prg:5928;1st.prg:8309;1st.prg:9215;1st.prg:10405;1st.prg:10407;1st.prg:10529;1st.prg:10531;1st.prg:10708;1st.prg:10711;1st.prg:10822;1st.prg:10824,通用控制变量,,高
XCURI_actural,local real,1st.prg:513;1st.prg:1120;1st.prg:2430;1st.prg:3123;1st.prg:3816;1st.prg:4509;1st.prg:5202;1st.prg:5895,,局部计算/临时变量,,高
XCURV,unknown unknown,1st.prg:298;1st.prg:387;1st.prg:511;1st.prg:826;1st.prg:905;1st.prg:994;1st.prg:1118;1st.prg:1318;1st.prg:2136;1st.prg:2215;1st.prg:2304;1st.prg:2428;1st.prg:2829;1st.prg:2908;1st.prg:2997;1st.prg:3121;1st.prg:3522;1st.prg:3601;1st.prg:3690;1st.prg:3814;1st.prg:4215;1st.prg:4294;1st.prg:4383;1st.prg:4507;1st.prg:4908;1st.prg:4987;1st.prg:5076;1st.prg:5200;1st.prg:5601;1st.prg:5680;1st.prg:5769;1st.prg:5893;1st.prg:8620;1st.prg:8729;1st.prg:8753;1st.prg:9445;1st.prg:9455;1st.prg:9465;1st.prg:9475;1st.prg:10402;1st.prg:10404;1st.prg:10699;1st.prg:10701,1st.prg:221;1st.prg:240;1st.prg:246;1st.prg:300;1st.prg:318;1st.prg:323;1st.prg:389;1st.prg:419;1st.prg:518;1st.prg:542;1st.prg:547;1st.prg:828;1st.prg:847;1st.prg:853;1st.prg:907;1st.prg:925;1st.prg:930;1st.prg:996;1st.prg:1026;1st.prg:1125;1st.prg:1149;1st.prg:1154;1st.prg:1320;1st.prg:1343;1st.prg:1348;1st.prg:1420;1st.prg:2138;1st.prg:2157;1st.prg:2163;1st.prg:2217;1st.prg:2235;1st.prg:2240;1st.prg:2306;1st.prg:2336;1st.prg:2435;1st.prg:2459;1st.prg:2464;1st.prg:2831;1st.prg:2850;1st.prg:2856;1st.prg:2910;1st.prg:2928;1st.prg:2933;1st.prg:2999;1st.prg:3029;1st.prg:3128;1st.prg:3152;1st.prg:3157;1st.prg:3524;1st.prg:3543;1st.prg:3549;1st.prg:3603;1st.prg:3621;1st.prg:3626;1st.prg:3692;1st.prg:3722;1st.prg:3821;1st.prg:3845;1st.prg:3850;1st.prg:4217;1st.prg:4236;1st.prg:4242;1st.prg:4296;1st.prg:4314;1st.prg:4319;1st.prg:4385;1st.prg:4415;1st.prg:4514;1st.prg:4538;1st.prg:4543;1st.prg:4910;1st.prg:4929;1st.prg:4935;1st.prg:4989;1st.prg:5007;1st.prg:5012;1st.prg:5078;1st.prg:5108;1st.prg:5207;1st.prg:5231;1st.prg:5236;1st.prg:5603;1st.prg:5622;1st.prg:5628;1st.prg:5682;1st.prg:5700;1st.prg:5705;1st.prg:5771;1st.prg:5801;1st.prg:5900;1st.prg:5924;1st.prg:5929;1st.prg:8302;1st.prg:9216;1st.prg:10406;1st.prg:10408;1st.prg:10530;1st.prg:10532;1st.prg:10709;1st.prg:10712;1st.prg:10823;1st.prg:10825,通用控制变量,,高
XRMS,unknown unknown,1st.prg:2431;1st.prg:2432;1st.prg:3124;1st.prg:3125;1st.prg:3817;1st.prg:3818;1st.prg:4510;1st.prg:4511;1st.prg:5203;1st.prg:5204;1st.prg:5896;1st.prg:5897;1st.prg:8618;1st.prg:8727;1st.prg:8751;1st.prg:9443;1st.prg:9453;1st.prg:9463;1st.prg:9473,1st.prg:1421,通用控制变量,,中
XVEL,unknown unknown,1st.prg:9439;1st.prg:9440;1st.prg:9449;1st.prg:9450;1st.prg:9459;1st.prg:9460,1st.prg:9157;1st.prg:9167;1st.prg:9177;1st.prg:9186;1st.prg:9197;1st.prg:9205,运动参数/速度曲线,,高
Y,global axisdef,1st.prg:11409,,通用控制变量,,中
Z,global axisdef,1st.prg:11409,,通用控制变量,,中
a,global axisdef,1st.prg:11410,,通用控制变量,,中
adjNegativeLimit,global real,1st.prg:6639;1st.prg:6760;1st.prg:6761;1st.prg:6762;1st.prg:6763;1st.prg:6764;1st.prg:6765;1st.prg:6774;1st.prg:6780;1st.prg:8860;1st.prg:10852;1st.prg:10997;1st.prg:11165,1st.prg:9150,运动参数/速度曲线,,高
adjPositiveLimit,global real,1st.prg:6640;1st.prg:6769;1st.prg:6770;1st.prg:6771;1st.prg:6772;1st.prg:6775;1st.prg:6781;1st.prg:8861;1st.prg:10853;1st.prg:10997;1st.prg:11165,1st.prg:9151,运动参数/速度曲线,,高
b,global axisdef,1st.prg:11410,,通用控制变量,,中
bAxisAtSecondSP,local int,1st.prg:8879;1st.prg:10325;1st.prg:10357,1st.prg:8904;1st.prg:10327;1st.prg:10358,设定值/目标位置,,高
bAxisInterlocked,global int,1st.prg:19;1st.prg:38;1st.prg:716;1st.prg:736;1st.prg:1936;1st.prg:1955;1st.prg:2629;1st.prg:2648;1st.prg:3322;1st.prg:3341;1st.prg:4015;1st.prg:4034;1st.prg:4708;1st.prg:4727;1st.prg:5401;1st.prg:5420;1st.prg:8870;1st.prg:10281;1st.prg:10319;1st.prg:10847;1st.prg:10997,1st.prg:8903;1st.prg:10315;1st.prg:10320,互锁/运动阻止逻辑,,高
bFoundCAR,local int,1st.prg:7740;1st.prg:7782;1st.prg:7789;1st.prg:7796;1st.prg:7803;1st.prg:7810;1st.prg:7818,1st.prg:7744;1st.prg:7745;1st.prg:7752,局部计算/临时变量,,低
bFoundLLELE,global int,1st.prg:8043;1st.prg:8044;1st.prg:9068;1st.prg:9115;1st.prg:9226;1st.prg:9395;1st.prg:9754;1st.prg:10180;1st.prg:10222,1st.prg:9069;1st.prg:9124,通用控制变量,,中
bFoundLLELE2,global int,1st.prg:9068;1st.prg:9231;1st.prg:9773;1st.prg:10231;1st.prg:10273,1st.prg:9070;1st.prg:9118,通用控制变量,2,中
bInterlocActive,local int,1st.prg:8834;1st.prg:10281;1st.prg:10319,1st.prg:9417;1st.prg:9420,局部计算/临时变量,,低
bSecondSP,local int,1st.prg:8834,,设定值/目标位置,,高
bfmLCZ,unknown unknown,1st.prg:9004;1st.prg:9011;1st.prg:11830,1st.prg:8995;1st.prg:9014,通用控制变量,,中
bfmLCZ_old,global real,1st.prg:6641;1st.prg:6687;1st.prg:8863,1st.prg:6689;1st.prg:9004,通用控制变量,,中
bfmPreventMove,local int,1st.prg:6623;1st.prg:6748;1st.prg:6752,,互锁/运动阻止逻辑,,高
bfmUCZ,unknown unknown,1st.prg:9005;1st.prg:9011;1st.prg:11831,1st.prg:8996;1st.prg:9015,通用控制变量,,中
bfmUCZ_old,global real,1st.prg:6641;1st.prg:6692;1st.prg:8863,1st.prg:6694;1st.prg:9005,通用控制变量,,中
c,global axisdef,1st.prg:11410,,通用控制变量,,中
currentPV,local real,1st.prg:1734;1st.prg:1737;1st.prg:1738;1st.prg:1739;1st.prg:1742,1st.prg:1736,局部计算/临时变量,,低
currentPos,local real,1st.prg:10858;1st.prg:11082;1st.prg:11083;1st.prg:11085,1st.prg:11078;1st.prg:11080,局部计算/临时变量,,低
d,global axisdef,1st.prg:11410,,通用控制变量,,中
dAmax,global real,1st.prg:8381;1st.prg:8382;1st.prg:8383;1st.prg:8384;1st.prg:8387;1st.prg:8388;1st.prg:8392;1st.prg:8393;1st.prg:8394;1st.prg:8395;1st.prg:8398;1st.prg:8399;1st.prg:8502;1st.prg:8503;1st.prg:8504;1st.prg:8505;1st.prg:8508;1st.prg:8509;1st.prg:8959;1st.prg:9158;1st.prg:9159;1st.prg:9168;1st.prg:9169;1st.prg:9178;1st.prg:9179;1st.prg:9187;1st.prg:9188;1st.prg:9198;1st.prg:9199;1st.prg:9206;1st.prg:9207;1st.prg:11076;1st.prg:11435,,通用控制变量,,中
dAxisPitch,global real,1st.prg:214;1st.prg:229;1st.prg:253;1st.prg:254;1st.prg:291;1st.prg:304;1st.prg:330;1st.prg:336;1st.prg:380;1st.prg:393;1st.prg:401;1st.prg:426;1st.prg:432;1st.prg:506;1st.prg:524;1st.prg:528;1st.prg:529;1st.prg:532;1st.prg:554;1st.prg:821;1st.prg:836;1st.prg:860;1st.prg:861;1st.prg:898;1st.prg:911;1st.prg:937;1st.prg:943;1st.prg:987;1st.prg:1000;1st.prg:1008;1st.prg:1033;1st.prg:1039;1st.prg:1113;1st.prg:1131;1st.prg:1135;1st.prg:1136;1st.prg:1139;1st.prg:1161;1st.prg:1313;1st.prg:1327;1st.prg:1331;1st.prg:1332;1st.prg:1335;1st.prg:1358;1st.prg:2131;1st.prg:2146;1st.prg:2170;1st.prg:2171;1st.prg:2208;1st.prg:2221;1st.prg:2247;1st.prg:2253;1st.prg:2297;1st.prg:2310;1st.prg:2318;1st.prg:2343;1st.prg:2349;1st.prg:2423;1st.prg:2441;1st.prg:2445;1st.prg:2446;1st.prg:2449;1st.prg:2471;1st.prg:2824;1st.prg:2839;1st.prg:2863;1st.prg:2864;1st.prg:2901;1st.prg:2914;1st.prg:2940;1st.prg:2946;1st.prg:2990;1st.prg:3003;1st.prg:3011;1st.prg:3036;1st.prg:3042;1st.prg:3116;1st.prg:3134;1st.prg:3138;1st.prg:3139;1st.prg:3142;1st.prg:3164;1st.prg:3517;1st.prg:3532;1st.prg:3556;1st.prg:3557;1st.prg:3594;1st.prg:3607;1st.prg:3633;1st.prg:3639;1st.prg:3683;1st.prg:3696;1st.prg:3704;1st.prg:3729;1st.prg:3735;1st.prg:3809;1st.prg:3827;1st.prg:3831;1st.prg:3832;1st.prg:3835;1st.prg:3857;1st.prg:4210;1st.prg:4225;1st.prg:4249;1st.prg:4250;1st.prg:4287;1st.prg:4300;1st.prg:4326;1st.prg:4332;1st.prg:4376;1st.prg:4389;1st.prg:4397;1st.prg:4422;1st.prg:4428;1st.prg:4502;1st.prg:4520;1st.prg:4524;1st.prg:4525;1st.prg:4528;1st.prg:4550;1st.prg:4903;1st.prg:4918;1st.prg:4942;1st.prg:4943;1st.prg:4980;1st.prg:4993;1st.prg:5019;1st.prg:5025;1st.prg:5069;1st.prg:5082;1st.prg:5090;1st.prg:5115;1st.prg:5121;1st.prg:5195;1st.prg:5213;1st.prg:5217;1st.prg:5218;1st.prg:5221;1st.prg:5243;1st.prg:5596;1st.prg:5611;1st.prg:5635;1st.prg:5636;1st.prg:5673;1st.prg:5686;1st.prg:5712;1st.prg:5718;1st.prg:5762;1st.prg:5775;1st.prg:5783;1st.prg:5808;1st.prg:5814;1st.prg:5888;1st.prg:5906;1st.prg:5910;1st.prg:5911;1st.prg:5914;1st.prg:5936;1st.prg:7049;1st.prg:7051;1st.prg:7061;1st.prg:7063;1st.prg:8970;1st.prg:9156;1st.prg:9157;1st.prg:9158;1st.prg:9159;1st.prg:9161;1st.prg:9162;1st.prg:9185;1st.prg:9186;1st.prg:9187;1st.prg:9188;1st.prg:9190;1st.prg:9191;1st.prg:9447;1st.prg:9448;1st.prg:9449;1st.prg:9450;1st.prg:9451;1st.prg:9452;1st.prg:9457;1st.prg:9458;1st.prg:9459;1st.prg:9460;1st.prg:9461;1st.prg:9462;1st.prg:11048;1st.prg:11049;1st.prg:11053;1st.prg:11098;1st.prg:11446,,设定值/目标位置,,高
dBackLashCompensation,global real,1st.prg:8976;1st.prg:11046;1st.prg:11048;1st.prg:11458,,通用控制变量,,中
dCE,global real,1st.prg:8648;1st.prg:8785;1st.prg:9508;1st.prg:11459,1st.prg:529;1st.prg:1136;1st.prg:1332;1st.prg:2446;1st.prg:3139;1st.prg:3832;1st.prg:4525;1st.prg:5218;1st.prg:5911,通用控制变量,,中
dFaultTorq,global real,1st.prg:515;1st.prg:1122;1st.prg:2432;1st.prg:3125;1st.prg:3818;1st.prg:4511;1st.prg:5204;1st.prg:5897;1st.prg:8309;1st.prg:8960;1st.prg:9215;1st.prg:9216;1st.prg:11436,,故障/错误阈值或报警状态,,高
dFixedPosA,global real,1st.prg:8950;1st.prg:11426,,通用控制变量,,中
dFixedPosB,global real,1st.prg:8951;1st.prg:11427,,通用控制变量,,中
dFixedPosC,global real,1st.prg:8952;1st.prg:11428,,通用控制变量,,中
dFixedPosD,global real,1st.prg:8953;1st.prg:11429,,通用控制变量,,中
dGearRatio,global real,1st.prg:8971;1st.prg:11447,,通用控制变量,,中
dHomeOffset,global real,1st.prg:253;1st.prg:330;1st.prg:426;1st.prg:529;1st.prg:532;1st.prg:660;1st.prg:860;1st.prg:937;1st.prg:1033;1st.prg:1136;1st.prg:1139;1st.prg:1267;1st.prg:1332;1st.prg:1335;1st.prg:2170;1st.prg:2247;1st.prg:2343;1st.prg:2446;1st.prg:2449;1st.prg:2577;1st.prg:2863;1st.prg:2940;1st.prg:3036;1st.prg:3139;1st.prg:3142;1st.prg:3270;1st.prg:3556;1st.prg:3633;1st.prg:3729;1st.prg:3832;1st.prg:3835;1st.prg:3963;1st.prg:4249;1st.prg:4326;1st.prg:4422;1st.prg:4525;1st.prg:4528;1st.prg:4656;1st.prg:4942;1st.prg:5019;1st.prg:5115;1st.prg:5218;1st.prg:5221;1st.prg:5349;1st.prg:5635;1st.prg:5712;1st.prg:5808;1st.prg:5911;1st.prg:5914;1st.prg:6042;1st.prg:8973;1st.prg:10508;1st.prg:10510;1st.prg:10513;1st.prg:10787;1st.prg:11451,,通用控制变量,,中
dHomePulseDelay,global real,1st.prg:7770;1st.prg:7771;1st.prg:8969;1st.prg:11445,,通用控制变量,,中
dHomePulseWidth,global real,1st.prg:7771;1st.prg:8968;1st.prg:11444,,通用控制变量,,中
dHomingTorq,global real,1st.prg:220;1st.prg:221;1st.prg:223;1st.prg:224;1st.prg:236;1st.prg:237;1st.prg:299;1st.prg:300;1st.prg:316;1st.prg:318;1st.prg:388;1st.prg:389;1st.prg:514;1st.prg:827;1st.prg:828;1st.prg:830;1st.prg:831;1st.prg:843;1st.prg:844;1st.prg:906;1st.prg:907;1st.prg:923;1st.prg:925;1st.prg:995;1st.prg:996;1st.prg:1121;1st.prg:1319;1st.prg:1320;1st.prg:1339;1st.prg:1340;1st.prg:2137;1st.prg:2138;1st.prg:2140;1st.prg:2141;1st.prg:2153;1st.prg:2154;1st.prg:2216;1st.prg:2217;1st.prg:2233;1st.prg:2235;1st.prg:2305;1st.prg:2306;1st.prg:2431;1st.prg:2830;1st.prg:2831;1st.prg:2833;1st.prg:2834;1st.prg:2846;1st.prg:2847;1st.prg:2909;1st.prg:2910;1st.prg:2926;1st.prg:2928;1st.prg:2998;1st.prg:2999;1st.prg:3124;1st.prg:3523;1st.prg:3524;1st.prg:3526;1st.prg:3527;1st.prg:3539;1st.prg:3540;1st.prg:3602;1st.prg:3603;1st.prg:3619;1st.prg:3621;1st.prg:3691;1st.prg:3692;1st.prg:3817;1st.prg:4216;1st.prg:4217;1st.prg:4219;1st.prg:4220;1st.prg:4232;1st.prg:4233;1st.prg:4295;1st.prg:4296;1st.prg:4312;1st.prg:4314;1st.prg:4384;1st.prg:4385;1st.prg:4510;1st.prg:4909;1st.prg:4910;1st.prg:4912;1st.prg:4913;1st.prg:4925;1st.prg:4926;1st.prg:4988;1st.prg:4989;1st.prg:5005;1st.prg:5007;1st.prg:5077;1st.prg:5078;1st.prg:5203;1st.prg:5602;1st.prg:5603;1st.prg:5605;1st.prg:5606;1st.prg:5618;1st.prg:5619;1st.prg:5681;1st.prg:5682;1st.prg:5698;1st.prg:5700;1st.prg:5770;1st.prg:5771;1st.prg:5896;1st.prg:8302;1st.prg:8619;1st.prg:8728;1st.prg:8752;1st.prg:8961;1st.prg:9444;1st.prg:9454;1st.prg:9464;1st.prg:9474;1st.prg:10405;1st.prg:10406;1st.prg:10407;1st.prg:10408;1st.prg:10708;1st.prg:10709;1st.prg:10711;1st.prg:10712;1st.prg:11437,,通用控制变量,,中
dHomingVel,global real,1st.prg:214;1st.prg:229;1st.prg:254;1st.prg:291;1st.prg:304;1st.prg:330;1st.prg:336;1st.prg:380;1st.prg:393;1st.prg:401;1st.prg:426;1st.prg:432;1st.prg:506;1st.prg:524;1st.prg:554;1st.prg:640;1st.prg:648;1st.prg:655;1st.prg:660;1st.prg:673;1st.prg:821;1st.prg:836;1st.prg:861;1st.prg:898;1st.prg:911;1st.prg:937;1st.prg:943;1st.prg:987;1st.prg:1000;1st.prg:1008;1st.prg:1033;1st.prg:1039;1st.prg:1113;1st.prg:1131;1st.prg:1161;1st.prg:1247;1st.prg:1255;1st.prg:1262;1st.prg:1267;1st.prg:1280;1st.prg:1313;1st.prg:1327;1st.prg:1358;1st.prg:2131;1st.prg:2146;1st.prg:2171;1st.prg:2208;1st.prg:2221;1st.prg:2247;1st.prg:2253;1st.prg:2297;1st.prg:2310;1st.prg:2318;1st.prg:2343;1st.prg:2349;1st.prg:2423;1st.prg:2441;1st.prg:2471;1st.prg:2557;1st.prg:2565;1st.prg:2572;1st.prg:2577;1st.prg:2590;1st.prg:2824;1st.prg:2839;1st.prg:2864;1st.prg:2901;1st.prg:2914;1st.prg:2940;1st.prg:2946;1st.prg:2990;1st.prg:3003;1st.prg:3011;1st.prg:3036;1st.prg:3042;1st.prg:3116;1st.prg:3134;1st.prg:3164;1st.prg:3250;1st.prg:3258;1st.prg:3265;1st.prg:3270;1st.prg:3283;1st.prg:3517;1st.prg:3532;1st.prg:3557;1st.prg:3594;1st.prg:3607;1st.prg:3633;1st.prg:3639;1st.prg:3683;1st.prg:3696;1st.prg:3704;1st.prg:3729;1st.prg:3735;1st.prg:3809;1st.prg:3827;1st.prg:3857;1st.prg:3943;1st.prg:3951;1st.prg:3958;1st.prg:3963;1st.prg:3976;1st.prg:4210;1st.prg:4225;1st.prg:4250;1st.prg:4287;1st.prg:4300;1st.prg:4326;1st.prg:4332;1st.prg:4376;1st.prg:4389;1st.prg:4397;1st.prg:4422;1st.prg:4428;1st.prg:4502;1st.prg:4520;1st.prg:4550;1st.prg:4636;1st.prg:4644;1st.prg:4651;1st.prg:4656;1st.prg:4669;1st.prg:4903;1st.prg:4918;1st.prg:4943;1st.prg:4980;1st.prg:4993;1st.prg:5019;1st.prg:5025;1st.prg:5069;1st.prg:5082;1st.prg:5090;1st.prg:5115;1st.prg:5121;1st.prg:5195;1st.prg:5213;1st.prg:5243;1st.prg:5329;1st.prg:5337;1st.prg:5344;1st.prg:5349;1st.prg:5362;1st.prg:5596;1st.prg:5611;1st.prg:5636;1st.prg:5673;1st.prg:5686;1st.prg:5712;1st.prg:5718;1st.prg:5762;1st.prg:5775;1st.prg:5783;1st.prg:5808;1st.prg:5814;1st.prg:5888;1st.prg:5906;1st.prg:5936;1st.prg:6022;1st.prg:6030;1st.prg:6037;1st.prg:6042;1st.prg:6055;1st.prg:8303;1st.prg:8962;1st.prg:10428;1st.prg:10432;1st.prg:10437;1st.prg:10483;1st.prg:10495;1st.prg:10508;1st.prg:10510;1st.prg:10513;1st.prg:10745;1st.prg:10747;1st.prg:11438,,运动参数/速度曲线,,高
dInterlockPos,global real,1st.prg:7657;1st.prg:7691;1st.prg:8965;1st.prg:10294;1st.prg:10296;1st.prg:10298;1st.prg:10300;1st.prg:10302;1st.prg:10304;1st.prg:10306;1st.prg:10308;1st.prg:11442,,互锁/运动阻止逻辑,,高
dJogVel,global real,1st.prg:8957;1st.prg:11433,,运动参数/速度曲线,,高
dNegtiveLimit,global real,1st.prg:6765;1st.prg:6774;1st.prg:8292;1st.prg:8621;1st.prg:8622;1st.prg:8738;1st.prg:8739;1st.prg:8762;1st.prg:8763;1st.prg:8955;1st.prg:9150;1st.prg:9162;1st.prg:9172;1st.prg:9191;1st.prg:9319;1st.prg:9550;1st.prg:9551;1st.prg:9560;1st.prg:9561;1st.prg:9562;1st.prg:9571;1st.prg:9572;1st.prg:9598;1st.prg:9599;1st.prg:9613;1st.prg:9614;1st.prg:9628;1st.prg:9629;1st.prg:9644;1st.prg:9645;1st.prg:9661;1st.prg:9662;1st.prg:9678;1st.prg:9679;1st.prg:10926;1st.prg:10962;1st.prg:10963;1st.prg:11431,,运动参数/速度曲线,,高
dPositiveLimit,global real,1st.prg:6775;1st.prg:7629;1st.prg:7661;1st.prg:7900;1st.prg:7915;1st.prg:7932;1st.prg:7946;1st.prg:8294;1st.prg:8621;1st.prg:8622;1st.prg:8738;1st.prg:8739;1st.prg:8762;1st.prg:8763;1st.prg:8954;1st.prg:9149;1st.prg:9151;1st.prg:9161;1st.prg:9171;1st.prg:9190;1st.prg:9320;1st.prg:9550;1st.prg:9551;1st.prg:9560;1st.prg:9561;1st.prg:9562;1st.prg:9571;1st.prg:9572;1st.prg:9598;1st.prg:9599;1st.prg:9613;1st.prg:9614;1st.prg:9628;1st.prg:9629;1st.prg:9644;1st.prg:9645;1st.prg:9661;1st.prg:9662;1st.prg:9678;1st.prg:9679;1st.prg:9693;1st.prg:9694;1st.prg:9706;1st.prg:9707;1st.prg:9719;1st.prg:9720;1st.prg:9732;1st.prg:9733;1st.prg:10926;1st.prg:10962;1st.prg:10963;1st.prg:11046;1st.prg:11430,1st.prg:9340,运动参数/速度曲线,,高
dPres_max,global real,1st.prg:1409;1st.prg:1511;1st.prg:1513;1st.prg:1515;1st.prg:1881;1st.prg:11466,1st.prg:1512;1st.prg:1880,通用控制变量,,中
dPres_min,global real,1st.prg:1408;1st.prg:1503;1st.prg:1505;1st.prg:1507;1st.prg:1870;1st.prg:11465,1st.prg:1504;1st.prg:1869,通用控制变量,,中
dPressureRamprate,global real,1st.prg:1407;1st.prg:1494;1st.prg:1496;1st.prg:1498;1st.prg:1846;1st.prg:11464,1st.prg:1495;1st.prg:1845,运动参数/速度曲线,,中
dPressureSP,global real,1st.prg:1406;1st.prg:1482;1st.prg:1484;1st.prg:1830;1st.prg:11463,1st.prg:1480;1st.prg:1829,压力控制相关,,高
dQcmLimit,unknown unknown,1st.prg:7669;1st.prg:7671;1st.prg:7673;1st.prg:7675;1st.prg:7677;1st.prg:7679;1st.prg:7681;1st.prg:7683;1st.prg:7685;1st.prg:8859;1st.prg:10851;1st.prg:10997,1st.prg:7629;1st.prg:7657;1st.prg:7659;1st.prg:7661;1st.prg:9149,通用控制变量,,高
dSafetyShutDownPressure,global real,1st.prg:1410;1st.prg:1518;1st.prg:1520;1st.prg:1522;1st.prg:1893;1st.prg:11467,1st.prg:1519;1st.prg:1892,压力控制相关,,中
dSecondSetpointPos,global real,1st.prg:7659;1st.prg:7697;1st.prg:7703;1st.prg:8967;1st.prg:10335;1st.prg:10337;1st.prg:10339;1st.prg:10341;1st.prg:10343;1st.prg:10345;1st.prg:10347;1st.prg:10349;1st.prg:11443,,通用控制变量,,中
dValve_scaling_factor,global real,1st.prg:1405;1st.prg:1466;1st.prg:1468;1st.prg:1470;1st.prg:1859;1st.prg:11462,1st.prg:1467;1st.prg:1858,通用控制变量,,中
dVel,global real,1st.prg:8956;1st.prg:9156;1st.prg:9166;1st.prg:9176;1st.prg:9185;1st.prg:9196;1st.prg:9204;1st.prg:9237;1st.prg:9238;1st.prg:9239;1st.prg:9240;1st.prg:9241;1st.prg:9242;1st.prg:9243;1st.prg:9244;1st.prg:11432,,运动参数/速度曲线,,高
dVmax,global real,1st.prg:8958;1st.prg:9157;1st.prg:9167;1st.prg:9177;1st.prg:9186;1st.prg:9197;1st.prg:9205;1st.prg:10952;1st.prg:11434,,通用控制变量,,中
deltaI,local real,1st.prg:235;1st.prg:239;1st.prg:541;1st.prg:842;1st.prg:846;1st.prg:1148;1st.prg:1342;1st.prg:2152;1st.prg:2156;1st.prg:2458;1st.prg:2845;1st.prg:2849;1st.prg:3151;1st.prg:3538;1st.prg:3542;1st.prg:3844;1st.prg:4231;1st.prg:4235;1st.prg:4537;1st.prg:4924;1st.prg:4928;1st.prg:5230;1st.prg:5617;1st.prg:5621;1st.prg:5923,1st.prg:236;1st.prg:538;1st.prg:843;1st.prg:1145;1st.prg:1339;1st.prg:2153;1st.prg:2455;1st.prg:2846;1st.prg:3148;1st.prg:3539;1st.prg:3841;1st.prg:4232;1st.prg:4534;1st.prg:4925;1st.prg:5227;1st.prg:5618;1st.prg:5920,局部计算/临时变量,,低
deltaV,local real,1st.prg:235;1st.prg:240;1st.prg:542;1st.prg:842;1st.prg:847;1st.prg:1149;1st.prg:1343;1st.prg:2152;1st.prg:2157;1st.prg:2459;1st.prg:2845;1st.prg:2850;1st.prg:3152;1st.prg:3538;1st.prg:3543;1st.prg:3845;1st.prg:4231;1st.prg:4236;1st.prg:4538;1st.prg:4924;1st.prg:4929;1st.prg:5231;1st.prg:5617;1st.prg:5622;1st.prg:5924,1st.prg:237;1st.prg:539;1st.prg:844;1st.prg:1146;1st.prg:1340;1st.prg:2154;1st.prg:2456;1st.prg:2847;1st.prg:3149;1st.prg:3540;1st.prg:3842;1st.prg:4233;1st.prg:4535;1st.prg:4926;1st.prg:5228;1st.prg:5619;1st.prg:5921,局部计算/临时变量,,低
distance,local real,1st.prg:10379,,局部计算/临时变量,,低
extAngle,local real,1st.prg:8223;1st.prg:8407;1st.prg:8408;1st.prg:8411,1st.prg:8358;1st.prg:8375,局部计算/临时变量,,低
flagpos,local real,1st.prg:10379;1st.prg:10464;1st.prg:10483;1st.prg:10508;1st.prg:10510;1st.prg:10513,1st.prg:10462;1st.prg:10491,局部计算/临时变量,,低
flagpos0,local real,1st.prg:10379;1st.prg:10464;1st.prg:10495;1st.prg:10508;1st.prg:10510;1st.prg:10513,1st.prg:10454;1st.prg:10503,局部计算/临时变量,0,低
h,local real,1st.prg:8225;1st.prg:8582;1st.prg:8603;1st.prg:9402,1st.prg:8581;1st.prg:8602,局部计算/临时变量,,低
home_offset,local real,1st.prg:10664,,局部计算/临时变量,,低
home_velocity,local real,1st.prg:10377;1st.prg:10664;1st.prg:10750,1st.prg:10389;1st.prg:10745;1st.prg:10747,运动参数/速度曲线,,高
i,local int,1st.prg:140;1st.prg:2057;1st.prg:2750;1st.prg:3443;1st.prg:4136;1st.prg:4829;1st.prg:5522;1st.prg:7623;1st.prg:7629;1st.prg:8141;1st.prg:8167;1st.prg:8168;1st.prg:10282;1st.prg:10287;1st.prg:10288;1st.prg:10289;1st.prg:10290;1st.prg:10291;1st.prg:10292;1st.prg:10293;1st.prg:10294;1st.prg:10295;1st.prg:10296;1st.prg:10297;1st.prg:10298;1st.prg:10299;1st.prg:10300;1st.prg:10301;1st.prg:10302;1st.prg:10303;1st.prg:10304;1st.prg:10305;1st.prg:10306;1st.prg:10307;1st.prg:10308,1st.prg:7627;1st.prg:7630;1st.prg:10283;1st.prg:10312,局部计算/临时变量,,低
iAxis,local int,1st.prg:8864;1st.prg:9427;1st.prg:9428;1st.prg:9430;1st.prg:9431;1st.prg:9432;1st.prg:9433;1st.prg:9434;1st.prg:9436;1st.prg:9438;1st.prg:9439;1st.prg:9440;1st.prg:9441;1st.prg:9442;1st.prg:9443;1st.prg:9444;1st.prg:9445;1st.prg:9446;1st.prg:9447;1st.prg:9448;1st.prg:9449;1st.prg:9450;1st.prg:9451;1st.prg:9452;1st.prg:9453;1st.prg:9454;1st.prg:9455;1st.prg:9456;1st.prg:9457;1st.prg:9458;1st.prg:9459;1st.prg:9460;1st.prg:9461;1st.prg:9462;1st.prg:9463;1st.prg:9464;1st.prg:9465;1st.prg:9467;1st.prg:9468;1st.prg:9469;1st.prg:9470;1st.prg:9471;1st.prg:9472;1st.prg:9473;1st.prg:9474;1st.prg:9475;1st.prg:9477;1st.prg:9483;1st.prg:9484;1st.prg:9485;1st.prg:9490;1st.prg:9491;1st.prg:9492;1st.prg:9493;1st.prg:9494;1st.prg:9495;1st.prg:9499;1st.prg:9500;1st.prg:9501;1st.prg:9502;1st.prg:9503;1st.prg:9504;1st.prg:9505;1st.prg:9506;1st.prg:9507;1st.prg:9508;1st.prg:9509;1st.prg:9510;1st.prg:9511;1st.prg:9512,1st.prg:9415;1st.prg:9515,局部计算/临时变量,,低
iAxisGood,global int,1st.prg:6902;1st.prg:7047;1st.prg:7050;1st.prg:7060;1st.prg:7062;1st.prg:7105;1st.prg:7829;1st.prg:7891;1st.prg:7906;1st.prg:7922;1st.prg:7937;1st.prg:8214;1st.prg:8348;1st.prg:8851;1st.prg:9511;1st.prg:9858;1st.prg:9859;1st.prg:9860;1st.prg:9861;1st.prg:9862;1st.prg:9863;1st.prg:9864;1st.prg:9865;1st.prg:10849;1st.prg:10997,1st.prg:8650;1st.prg:8787;1st.prg:9146;1st.prg:9510,通用控制变量,,中
iAxisIndex,local int,1st.prg:9025;1st.prg:9029;1st.prg:9030;1st.prg:9031;1st.prg:9084;1st.prg:9085;1st.prg:9087;1st.prg:9088;1st.prg:9090;1st.prg:9091;1st.prg:9095;1st.prg:9098;1st.prg:9100;1st.prg:9105;1st.prg:9107;1st.prg:9110;1st.prg:9112;1st.prg:9116;1st.prg:9117;1st.prg:9119;1st.prg:9120;1st.prg:9122;1st.prg:9123;1st.prg:9125;1st.prg:9126;1st.prg:9128;1st.prg:9129;1st.prg:9133;1st.prg:9136;1st.prg:9137;1st.prg:9141;1st.prg:9142;1st.prg:9146;1st.prg:9149;1st.prg:9150;1st.prg:9151;1st.prg:9154;1st.prg:9155;1st.prg:9156;1st.prg:9157;1st.prg:9158;1st.prg:9159;1st.prg:9160;1st.prg:9161;1st.prg:9162;1st.prg:9163;1st.prg:9164;1st.prg:9165;1st.prg:9166;1st.prg:9167;1st.prg:9168;1st.prg:9169;1st.prg:9170;1st.prg:9171;1st.prg:9172;1st.prg:9173;1st.prg:9174;1st.prg:9175;1st.prg:9176;1st.prg:9177;1st.prg:9178;1st.prg:9179;1st.prg:9180;1st.prg:9181;1st.prg:9182;1st.prg:9183;1st.prg:9184;1st.prg:9185;1st.prg:9186;1st.prg:9187;1st.prg:9188;1st.prg:9189;1st.prg:9190;1st.prg:9191;1st.prg:9192;1st.prg:9193;1st.prg:9194;1st.prg:9195;1st.prg:9196;1st.prg:9197;1st.prg:9198;1st.prg:9199;1st.prg:9200;1st.prg:9201;1st.prg:9202;1st.prg:9204;1st.prg:9205;1st.prg:9206;1st.prg:9207;1st.prg:9208;1st.prg:9209;1st.prg:9210;1st.prg:9215;1st.prg:9216;1st.prg:9217;1st.prg:9218;1st.prg:9220,1st.prg:9027;1st.prg:9032;1st.prg:9074;1st.prg:9223,局部计算/临时变量,,低
iAxisNum,local int,1st.prg:34;1st.prg:38;1st.prg:39;1st.prg:43;1st.prg:44;1st.prg:45;1st.prg:46;1st.prg:47;1st.prg:48;1st.prg:52;1st.prg:53;1st.prg:57;1st.prg:58;1st.prg:62;1st.prg:70;1st.prg:71;1st.prg:72;1st.prg:73;1st.prg:85;1st.prg:90;1st.prg:91;1st.prg:92;1st.prg:93;1st.prg:103;1st.prg:104;1st.prg:114;1st.prg:116;1st.prg:117;1st.prg:127;1st.prg:128;1st.prg:130;1st.prg:132;1st.prg:133;1st.prg:142;1st.prg:143;1st.prg:144;1st.prg:145;1st.prg:151;1st.prg:152;1st.prg:153;1st.prg:159;1st.prg:160;1st.prg:162;1st.prg:164;1st.prg:165;1st.prg:168;1st.prg:170;1st.prg:174;1st.prg:176;1st.prg:180;1st.prg:189;1st.prg:191;1st.prg:192;1st.prg:193;1st.prg:194;1st.prg:195;1st.prg:196;1st.prg:200;1st.prg:201;1st.prg:209;1st.prg:210;1st.prg:211;1st.prg:212;1st.prg:214;1st.prg:216;1st.prg:218;1st.prg:219;1st.prg:220;1st.prg:221;1st.prg:223;1st.prg:224;1st.prg:227;1st.prg:229;1st.prg:230;1st.prg:231;1st.prg:233;1st.prg:234;1st.prg:236;1st.prg:237;1st.prg:239;1st.prg:240;1st.prg:241;1st.prg:245;1st.prg:246;1st.prg:248;1st.prg:249;1st.prg:250;1st.prg:252;1st.prg:253;1st.prg:254;1st.prg:257;1st.prg:258;1st.prg:260;1st.prg:262;1st.prg:264;1st.prg:266;1st.prg:268;1st.prg:270;1st.prg:272;1st.prg:276;1st.prg:277;1st.prg:284;1st.prg:285;1st.prg:286;1st.prg:287;1st.prg:290;1st.prg:291;1st.prg:292;1st.prg:294;1st.prg:297;1st.prg:298;1st.prg:299;1st.prg:300;1st.prg:304;1st.prg:306;1st.prg:308;1st.prg:310;1st.prg:311;1st.prg:316;1st.prg:318;1st.prg:322;1st.prg:323;1st.prg:330;1st.prg:333;1st.prg:334;1st.prg:336;1st.prg:340;1st.prg:341;1st.prg:343;1st.prg:345;1st.prg:347;1st.prg:349;1st.prg:351;1st.prg:353;1st.prg:355;1st.prg:359;1st.prg:360;1st.prg:373;1st.prg:374;1st.prg:375;1st.prg:376;1st.prg:379;1st.prg:380;1st.prg:381;1st.prg:383;1st.prg:386;1st.prg:387;1st.prg:388;1st.prg:389;1st.prg:393;1st.prg:395;1st.prg:397;1st.prg:401;1st.prg:402;1st.prg:403;1st.prg:406;1st.prg:407;1st.prg:418;1st.prg:419;1st.prg:426;1st.prg:429;1st.prg:430;1st.prg:432;1st.prg:436;1st.prg:437;1st.prg:439;1st.prg:441;1st.prg:443;1st.prg:445;1st.prg:447;1st.prg:449;1st.prg:451;1st.prg:455;1st.prg:456;1st.prg:468;1st.prg:469;1st.prg:470;1st.prg:471;1st.prg:472;1st.prg:474;1st.prg:477;1st.prg:478;1st.prg:480;1st.prg:482;1st.prg:484;1st.prg:486;1st.prg:488;1st.prg:490;1st.prg:492;1st.prg:501;1st.prg:502;1st.prg:503;1st.prg:504;1st.prg:506;1st.prg:508;1st.prg:510;1st.prg:511;1st.prg:514;1st.prg:515;1st.prg:517;1st.prg:518;1st.prg:522;1st.prg:524;1st.prg:525;1st.prg:526;1st.prg:528;1st.prg:529;1st.prg:532;1st.prg:533;1st.prg:541;1st.prg:542;1st.prg:546;1st.prg:547;1st.prg:548;1st.prg:549;1st.prg:550;1st.prg:552;1st.prg:554;1st.prg:558;1st.prg:559;1st.prg:561;1st.prg:563;1st.prg:565;1st.prg:567;1st.prg:569;1st.prg:571;1st.prg:573;1st.prg:576;1st.prg:577;1st.prg:585;1st.prg:586;1st.prg:587;1st.prg:588;1st.prg:591;1st.prg:595;1st.prg:598;1st.prg:601;1st.prg:603;1st.prg:605;1st.prg:607;1st.prg:611;1st.prg:612;1st.prg:613;1st.prg:614;1st.prg:622;1st.prg:623;1st.prg:630;1st.prg:640;1st.prg:641;1st.prg:642;1st.prg:643;1st.prg:646;1st.prg:648;1st.prg:649;1st.prg:650;1st.prg:651;1st.prg:653;1st.prg:655;1st.prg:656;1st.prg:657;1st.prg:658;1st.prg:660;1st.prg:663;1st.prg:664;1st.prg:666;1st.prg:667;1st.prg:669;1st.prg:670;1st.prg:673;1st.prg:677;1st.prg:678;1st.prg:680;1st.prg:682;1st.prg:684;1st.prg:686;1st.prg:688;1st.prg:690;1st.prg:692;1st.prg:732;1st.prg:736;1st.prg:737;1st.prg:741;1st.prg:742;1st.prg:743;1st.prg:744;1st.prg:745;1st.prg:746;1st.prg:750;1st.prg:751;1st.prg:755;1st.prg:756;1st.prg:760;1st.prg:761;1st.prg:763;1st.prg:764;1st.prg:769;1st.prg:770;1st.prg:771;1st.prg:774;1st.prg:775;1st.prg:776;1st.prg:777;1st.prg:785;1st.prg:786;1st.prg:788;1st.prg:790;1st.prg:791;1st.prg:794;1st.prg:796;1st.prg:800;1st.prg:802;1st.prg:806;1st.prg:808;1st.prg:816;1st.prg:817;1st.prg:818;1st.prg:819;1st.prg:821;1st.prg:823;1st.prg:825;1st.prg:826;1st.prg:827;1st.prg:828;1st.prg:830;1st.prg:831;1st.prg:834;1st.prg:836;1st.prg:837;1st.prg:838;1st.prg:840;1st.prg:841;1st.prg:843;1st.prg:844;1st.prg:846;1st.prg:847;1st.prg:848;1st.prg:852;1st.prg:853;1st.prg:855;1st.prg:856;1st.prg:857;1st.prg:859;1st.prg:860;1st.prg:861;1st.prg:864;1st.prg:865;1st.prg:867;1st.prg:869;1st.prg:871;1st.prg:873;1st.prg:875;1st.prg:877;1st.prg:879;1st.prg:883;1st.prg:884;1st.prg:891;1st.prg:892;1st.prg:893;1st.prg:894;1st.prg:897;1st.prg:898;1st.prg:899;1st.prg:901;1st.prg:904;1st.prg:905;1st.prg:906;1st.prg:907;1st.prg:911;1st.prg:913;1st.prg:915;1st.prg:917;1st.prg:918;1st.prg:923;1st.prg:925;1st.prg:929;1st.prg:930;1st.prg:937;1st.prg:940;1st.prg:941;1st.prg:943;1st.prg:947;1st.prg:948;1st.prg:950;1st.prg:952;1st.prg:954;1st.prg:956;1st.prg:958;1st.prg:960;1st.prg:962;1st.prg:966;1st.prg:967;1st.prg:980;1st.prg:981;1st.prg:982;1st.prg:983;1st.prg:986;1st.prg:987;1st.prg:988;1st.prg:990;1st.prg:993;1st.prg:994;1st.prg:995;1st.prg:996;1st.prg:1000;1st.prg:1002;1st.prg:1004;1st.prg:1008;1st.prg:1009;1st.prg:1010;1st.prg:1013;1st.prg:1014;1st.prg:1025;1st.prg:1026;1st.prg:1033;1st.prg:1036;1st.prg:1037;1st.prg:1039;1st.prg:1043;1st.prg:1044;1st.prg:1046;1st.prg:1048;1st.prg:1050;1st.prg:1052;1st.prg:1054;1st.prg:1056;1st.prg:1058;1st.prg:1062;1st.prg:1063;1st.prg:1075;1st.prg:1076;1st.prg:1077;1st.prg:1078;1st.prg:1079;1st.prg:1081;1st.prg:1084;1st.prg:1085;1st.prg:1087;1st.prg:1089;1st.prg:1091;1st.prg:1093;1st.prg:1095;1st.prg:1097;1st.prg:1099;1st.prg:1108;1st.prg:1109;1st.prg:1110;1st.prg:1111;1st.prg:1113;1st.prg:1115;1st.prg:1117;1st.prg:1118;1st.prg:1121;1st.prg:1122;1st.prg:1124;1st.prg:1125;1st.prg:1129;1st.prg:1131;1st.prg:1132;1st.prg:1133;1st.prg:1135;1st.prg:1136;1st.prg:1139;1st.prg:1140;1st.prg:1148;1st.prg:1149;1st.prg:1153;1st.prg:1154;1st.prg:1155;1st.prg:1156;1st.prg:1157;1st.prg:1159;1st.prg:1161;1st.prg:1165;1st.prg:1166;1st.prg:1168;1st.prg:1170;1st.prg:1172;1st.prg:1174;1st.prg:1176;1st.prg:1178;1st.prg:1180;1st.prg:1183;1st.prg:1184;1st.prg:1192;1st.prg:1193;1st.prg:1194;1st.prg:1195;1st.prg:1198;1st.prg:1202;1st.prg:1205;1st.prg:1208;1st.prg:1210;1st.prg:1212;1st.prg:1214;1st.prg:1218;1st.prg:1219;1st.prg:1220;1st.prg:1221;1st.prg:1229;1st.prg:1230;1st.prg:1237;1st.prg:1247;1st.prg:1248;1st.prg:1249;1st.prg:1250;1st.prg:1253;1st.prg:1255;1st.prg:1256;1st.prg:1257;1st.prg:1258;1st.prg:1260;1st.prg:1262;1st.prg:1263;1st.prg:1264;1st.prg:1265;1st.prg:1267;1st.prg:1270;1st.prg:1271;1st.prg:1273;1st.prg:1274;1st.prg:1276;1st.prg:1277;1st.prg:1280;1st.prg:1284;1st.prg:1285;1st.prg:1287;1st.prg:1289;1st.prg:1291;1st.prg:1293;1st.prg:1295;1st.prg:1297;1st.prg:1299;1st.prg:1308;1st.prg:1309;1st.prg:1310;1st.prg:1311;1st.prg:1313;1st.prg:1315;1st.prg:1317;1st.prg:1318;1st.prg:1319;1st.prg:1320;1st.prg:1324;1st.prg:1325;1st.prg:1327;1st.prg:1328;1st.prg:1329;1st.prg:1331;1st.prg:1332;1st.prg:1335;1st.prg:1339;1st.prg:1340;1st.prg:1342;1st.prg:1343;1st.prg:1347;1st.prg:1348;1st.prg:1349;1st.prg:1350;1st.prg:1356;1st.prg:1358;1st.prg:1362;1st.prg:1363;1st.prg:1365;1st.prg:1367;1st.prg:1369;1st.prg:1371;1st.prg:1373;1st.prg:1375;1st.prg:1377;1st.prg:1380;1st.prg:1381;1st.prg:1419;1st.prg:1420;1st.prg:1421;1st.prg:1422;1st.prg:1423;1st.prg:1424;1st.prg:1425;1st.prg:1426;1st.prg:1427;1st.prg:1428;1st.prg:1429;1st.prg:1452;1st.prg:1454;1st.prg:1456;1st.prg:1466;1st.prg:1467;1st.prg:1470;1st.prg:1480;1st.prg:1484;1st.prg:1494;1st.prg:1495;1st.prg:1498;1st.prg:1503;1st.prg:1504;1st.prg:1507;1st.prg:1511;1st.prg:1512;1st.prg:1515;1st.prg:1518;1st.prg:1519;1st.prg:1522;1st.prg:1541;1st.prg:1542;1st.prg:1543;1st.prg:1544;1st.prg:1551;1st.prg:1556;1st.prg:1557;1st.prg:1558;1st.prg:1586;1st.prg:1593;1st.prg:1601;1st.prg:1622;1st.prg:1629;1st.prg:1637;1st.prg:1720;1st.prg:1721;1st.prg:1752;1st.prg:1779;1st.prg:1783;1st.prg:1784;1st.prg:1785;1st.prg:1789;1st.prg:1794;1st.prg:1795;1st.prg:1796;1st.prg:1817;1st.prg:1835;1st.prg:1852;1st.prg:1863;1st.prg:1874;1st.prg:1886;1st.prg:1911;1st.prg:1916;1st.prg:1917;1st.prg:1951;1st.prg:1955;1st.prg:1956;1st.prg:1960;1st.prg:1961;1st.prg:1962;1st.prg:1963;1st.prg:1964;1st.prg:1965;1st.prg:1969;1st.prg:1970;1st.prg:1974;1st.prg:1975;1st.prg:1979;1st.prg:1987;1st.prg:1988;1st.prg:1989;1st.prg:1990;1st.prg:2002;1st.prg:2007;1st.prg:2008;1st.prg:2009;1st.prg:2010;1st.prg:2020;1st.prg:2021;1st.prg:2031;1st.prg:2033;1st.prg:2034;1st.prg:2044;1st.prg:2045;1st.prg:2047;1st.prg:2049;1st.prg:2050;1st.prg:2059;1st.prg:2060;1st.prg:2061;1st.prg:2062;1st.prg:2068;1st.prg:2069;1st.prg:2070;1st.prg:2076;1st.prg:2077;1st.prg:2079;1st.prg:2081;1st.prg:2082;1st.prg:2085;1st.prg:2087;1st.prg:2091;1st.prg:2093;1st.prg:2097;1st.prg:2106;1st.prg:2108;1st.prg:2109;1st.prg:2110;1st.prg:2111;1st.prg:2112;1st.prg:2113;1st.prg:2117;1st.prg:2118;1st.prg:2126;1st.prg:2127;1st.prg:2128;1st.prg:2129;1st.prg:2131;1st.prg:2133;1st.prg:2135;1st.prg:2136;1st.prg:2137;1st.prg:2138;1st.prg:2140;1st.prg:2141;1st.prg:2144;1st.prg:2146;1st.prg:2147;1st.prg:2148;1st.prg:2150;1st.prg:2151;1st.prg:2153;1st.prg:2154;1st.prg:2156;1st.prg:2157;1st.prg:2158;1st.prg:2162;1st.prg:2163;1st.prg:2165;1st.prg:2166;1st.prg:2167;1st.prg:2169;1st.prg:2170;1st.prg:2171;1st.prg:2174;1st.prg:2175;1st.prg:2177;1st.prg:2179;1st.prg:2181;1st.prg:2183;1st.prg:2185;1st.prg:2187;1st.prg:2189;1st.prg:2193;1st.prg:2194;1st.prg:2201;1st.prg:2202;1st.prg:2203;1st.prg:2204;1st.prg:2207;1st.prg:2208;1st.prg:2209;1st.prg:2211;1st.prg:2214;1st.prg:2215;1st.prg:2216;1st.prg:2217;1st.prg:2221;1st.prg:2223;1st.prg:2225;1st.prg:2227;1st.prg:2228;1st.prg:2233;1st.prg:2235;1st.prg:2239;1st.prg:2240;1st.prg:2247;1st.prg:2250;1st.prg:2251;1st.prg:2253;1st.prg:2257;1st.prg:2258;1st.prg:2260;1st.prg:2262;1st.prg:2264;1st.prg:2266;1st.prg:2268;1st.prg:2270;1st.prg:2272;1st.prg:2276;1st.prg:2277;1st.prg:2290;1st.prg:2291;1st.prg:2292;1st.prg:2293;1st.prg:2296;1st.prg:2297;1st.prg:2298;1st.prg:2300;1st.prg:2303;1st.prg:2304;1st.prg:2305;1st.prg:2306;1st.prg:2310;1st.prg:2312;1st.prg:2314;1st.prg:2318;1st.prg:2319;1st.prg:2320;1st.prg:2323;1st.prg:2324;1st.prg:2335;1st.prg:2336;1st.prg:2343;1st.prg:2346;1st.prg:2347;1st.prg:2349;1st.prg:2353;1st.prg:2354;1st.prg:2356;1st.prg:2358;1st.prg:2360;1st.prg:2362;1st.prg:2364;1st.prg:2366;1st.prg:2368;1st.prg:2372;1st.prg:2373;1st.prg:2385;1st.prg:2386;1st.prg:2387;1st.prg:2388;1st.prg:2389;1st.prg:2391;1st.prg:2394;1st.prg:2395;1st.prg:2397;1st.prg:2399;1st.prg:2401;1st.prg:2403;1st.prg:2405;1st.prg:2407;1st.prg:2409;1st.prg:2418;1st.prg:2419;1st.prg:2420;1st.prg:2421;1st.prg:2423;1st.prg:2425;1st.prg:2427;1st.prg:2428;1st.prg:2431;1st.prg:2432;1st.prg:2434;1st.prg:2435;1st.prg:2439;1st.prg:2441;1st.prg:2442;1st.prg:2443;1st.prg:2445;1st.prg:2446;1st.prg:2449;1st.prg:2450;1st.prg:2458;1st.prg:2459;1st.prg:2463;1st.prg:2464;1st.prg:2465;1st.prg:2466;1st.prg:2467;1st.prg:2469;1st.prg:2471;1st.prg:2475;1st.prg:2476;1st.prg:2478;1st.prg:2480;1st.prg:2482;1st.prg:2484;1st.prg:2486;1st.prg:2488;1st.prg:2490;1st.prg:2493;1st.prg:2494;1st.prg:2502;1st.prg:2503;1st.prg:2504;1st.prg:2505;1st.prg:2508;1st.prg:2512;1st.prg:2515;1st.prg:2518;1st.prg:2520;1st.prg:2522;1st.prg:2524;1st.prg:2528;1st.prg:2529;1st.prg:2530;1st.prg:2531;1st.prg:2539;1st.prg:2540;1st.prg:2547;1st.prg:2557;1st.prg:2558;1st.prg:2559;1st.prg:2560;1st.prg:2563;1st.prg:2565;1st.prg:2566;1st.prg:2567;1st.prg:2568;1st.prg:2570;1st.prg:2572;1st.prg:2573;1st.prg:2574;1st.prg:2575;1st.prg:2577;1st.prg:2580;1st.prg:2581;1st.prg:2583;1st.prg:2584;1st.prg:2586;1st.prg:2587;1st.prg:2590;1st.prg:2594;1st.prg:2595;1st.prg:2597;1st.prg:2599;1st.prg:2601;1st.prg:2603;1st.prg:2605;1st.prg:2607;1st.prg:2609;1st.prg:2644;1st.prg:2648;1st.prg:2649;1st.prg:2653;1st.prg:2654;1st.prg:2655;1st.prg:2656;1st.prg:2657;1st.prg:2658;1st.prg:2662;1st.prg:2663;1st.prg:2667;1st.prg:2668;1st.prg:2672;1st.prg:2680;1st.prg:2681;1st.prg:2682;1st.prg:2683;1st.prg:2695;1st.prg:2700;1st.prg:2701;1st.prg:2702;1st.prg:2703;1st.prg:2713;1st.prg:2714;1st.prg:2724;1st.prg:2726;1st.prg:2727;1st.prg:2737;1st.prg:2738;1st.prg:2740;1st.prg:2742;1st.prg:2743;1st.prg:2752;1st.prg:2753;1st.prg:2754;1st.prg:2755;1st.prg:2761;1st.prg:2762;1st.prg:2763;1st.prg:2769;1st.prg:2770;1st.prg:2772;1st.prg:2774;1st.prg:2775;1st.prg:2778;1st.prg:2780;1st.prg:2784;1st.prg:2786;1st.prg:2790;1st.prg:2799;1st.prg:2801;1st.prg:2802;1st.prg:2803;1st.prg:2804;1st.prg:2805;1st.prg:2806;1st.prg:2810;1st.prg:2811;1st.prg:2819;1st.prg:2820;1st.prg:2821;1st.prg:2822;1st.prg:2824;1st.prg:2826;1st.prg:2828;1st.prg:2829;1st.prg:2830;1st.prg:2831;1st.prg:2833;1st.prg:2834;1st.prg:2837;1st.prg:2839;1st.prg:2840;1st.prg:2841;1st.prg:2843;1st.prg:2844;1st.prg:2846;1st.prg:2847;1st.prg:2849;1st.prg:2850;1st.prg:2851;1st.prg:2855;1st.prg:2856;1st.prg:2858;1st.prg:2859;1st.prg:2860;1st.prg:2862;1st.prg:2863;1st.prg:2864;1st.prg:2867;1st.prg:2868;1st.prg:2870;1st.prg:2872;1st.prg:2874;1st.prg:2876;1st.prg:2878;1st.prg:2880;1st.prg:2882;1st.prg:2886;1st.prg:2887;1st.prg:2894;1st.prg:2895;1st.prg:2896;1st.prg:2897;1st.prg:2900;1st.prg:2901;1st.prg:2902;1st.prg:2904;1st.prg:2907;1st.prg:2908;1st.prg:2909;1st.prg:2910;1st.prg:2914;1st.prg:2916;1st.prg:2918;1st.prg:2920;1st.prg:2921;1st.prg:2926;1st.prg:2928;1st.prg:2932;1st.prg:2933;1st.prg:2940;1st.prg:2943;1st.prg:2944;1st.prg:2946;1st.prg:2950;1st.prg:2951;1st.prg:2953;1st.prg:2955;1st.prg:2957;1st.prg:2959;1st.prg:2961;1st.prg:2963;1st.prg:2965;1st.prg:2969;1st.prg:2970;1st.prg:2983;1st.prg:2984;1st.prg:2985;1st.prg:2986;1st.prg:2989;1st.prg:2990;1st.prg:2991;1st.prg:2993;1st.prg:2996;1st.prg:2997;1st.prg:2998;1st.prg:2999;1st.prg:3003;1st.prg:3005;1st.prg:3007;1st.prg:3011;1st.prg:3012;1st.prg:3013;1st.prg:3016;1st.prg:3017;1st.prg:3028;1st.prg:3029;1st.prg:3036;1st.prg:3039;1st.prg:3040;1st.prg:3042;1st.prg:3046;1st.prg:3047;1st.prg:3049;1st.prg:3051;1st.prg:3053;1st.prg:3055;1st.prg:3057;1st.prg:3059;1st.prg:3061;1st.prg:3065;1st.prg:3066;1st.prg:3078;1st.prg:3079;1st.prg:3080;1st.prg:3081;1st.prg:3082;1st.prg:3084;1st.prg:3087;1st.prg:3088;1st.prg:3090;1st.prg:3092;1st.prg:3094;1st.prg:3096;1st.prg:3098;1st.prg:3100;1st.prg:3102;1st.prg:3111;1st.prg:3112;1st.prg:3113;1st.prg:3114;1st.prg:3116;1st.prg:3118;1st.prg:3120;1st.prg:3121;1st.prg:3124;1st.prg:3125;1st.prg:3127;1st.prg:3128;1st.prg:3132;1st.prg:3134;1st.prg:3135;1st.prg:3136;1st.prg:3138;1st.prg:3139;1st.prg:3142;1st.prg:3143;1st.prg:3151;1st.prg:3152;1st.prg:3156;1st.prg:3157;1st.prg:3158;1st.prg:3159;1st.prg:3160;1st.prg:3162;1st.prg:3164;1st.prg:3168;1st.prg:3169;1st.prg:3171;1st.prg:3173;1st.prg:3175;1st.prg:3177;1st.prg:3179;1st.prg:3181;1st.prg:3183;1st.prg:3186;1st.prg:3187;1st.prg:3195;1st.prg:3196;1st.prg:3197;1st.prg:3198;1st.prg:3201;1st.prg:3205;1st.prg:3208;1st.prg:3211;1st.prg:3213;1st.prg:3215;1st.prg:3217;1st.prg:3221;1st.prg:3222;1st.prg:3223;1st.prg:3224;1st.prg:3232;1st.prg:3233;1st.prg:3240;1st.prg:3250;1st.prg:3251;1st.prg:3252;1st.prg:3253;1st.prg:3256;1st.prg:3258;1st.prg:3259;1st.prg:3260;1st.prg:3261;1st.prg:3263;1st.prg:3265;1st.prg:3266;1st.prg:3267;1st.prg:3268;1st.prg:3270;1st.prg:3273;1st.prg:3274;1st.prg:3276;1st.prg:3277;1st.prg:3279;1st.prg:3280;1st.prg:3283;1st.prg:3287;1st.prg:3288;1st.prg:3290;1st.prg:3292;1st.prg:3294;1st.prg:3296;1st.prg:3298;1st.prg:3300;1st.prg:3302;1st.prg:3337;1st.prg:3341;1st.prg:3342;1st.prg:3346;1st.prg:3347;1st.prg:3348;1st.prg:3349;1st.prg:3350;1st.prg:3351;1st.prg:3355;1st.prg:3356;1st.prg:3360;1st.prg:3361;1st.prg:3365;1st.prg:3373;1st.prg:3374;1st.prg:3375;1st.prg:3376;1st.prg:3388;1st.prg:3393;1st.prg:3394;1st.prg:3395;1st.prg:3396;1st.prg:3406;1st.prg:3407;1st.prg:3417;1st.prg:3419;1st.prg:3420;1st.prg:3430;1st.prg:3431;1st.prg:3433;1st.prg:3435;1st.prg:3436;1st.prg:3445;1st.prg:3446;1st.prg:3447;1st.prg:3448;1st.prg:3454;1st.prg:3455;1st.prg:3456;1st.prg:3462;1st.prg:3463;1st.prg:3465;1st.prg:3467;1st.prg:3468;1st.prg:3471;1st.prg:3473;1st.prg:3477;1st.prg:3479;1st.prg:3483;1st.prg:3492;1st.prg:3494;1st.prg:3495;1st.prg:3496;1st.prg:3497;1st.prg:3498;1st.prg:3499;1st.prg:3503;1st.prg:3504;1st.prg:3512;1st.prg:3513;1st.prg:3514;1st.prg:3515;1st.prg:3517;1st.prg:3519;1st.prg:3521;1st.prg:3522;1st.prg:3523;1st.prg:3524;1st.prg:3526;1st.prg:3527;1st.prg:3530;1st.prg:3532;1st.prg:3533;1st.prg:3534;1st.prg:3536;1st.prg:3537;1st.prg:3539;1st.prg:3540;1st.prg:3542;1st.prg:3543;1st.prg:3544;1st.prg:3548;1st.prg:3549;1st.prg:3551;1st.prg:3552;1st.prg:3553;1st.prg:3555;1st.prg:3556;1st.prg:3557;1st.prg:3560;1st.prg:3561;1st.prg:3563;1st.prg:3565;1st.prg:3567;1st.prg:3569;1st.prg:3571;1st.prg:3573;1st.prg:3575;1st.prg:3579;1st.prg:3580;1st.prg:3587;1st.prg:3588;1st.prg:3589;1st.prg:3590;1st.prg:3593;1st.prg:3594;1st.prg:3595;1st.prg:3597;1st.prg:3600;1st.prg:3601;1st.prg:3602;1st.prg:3603;1st.prg:3607;1st.prg:3609;1st.prg:3611;1st.prg:3613;1st.prg:3614;1st.prg:3619;1st.prg:3621;1st.prg:3625;1st.prg:3626;1st.prg:3633;1st.prg:3636;1st.prg:3637;1st.prg:3639;1st.prg:3643;1st.prg:3644;1st.prg:3646;1st.prg:3648;1st.prg:3650;1st.prg:3652;1st.prg:3654;1st.prg:3656;1st.prg:3658;1st.prg:3662;1st.prg:3663;1st.prg:3676;1st.prg:3677;1st.prg:3678;1st.prg:3679;1st.prg:3682;1st.prg:3683;1st.prg:3684;1st.prg:3686;1st.prg:3689;1st.prg:3690;1st.prg:3691;1st.prg:3692;1st.prg:3696;1st.prg:3698;1st.prg:3700;1st.prg:3704;1st.prg:3705;1st.prg:3706;1st.prg:3709;1st.prg:3710;1st.prg:3721;1st.prg:3722;1st.prg:3729;1st.prg:3732;1st.prg:3733;1st.prg:3735;1st.prg:3739;1st.prg:3740;1st.prg:3742;1st.prg:3744;1st.prg:3746;1st.prg:3748;1st.prg:3750;1st.prg:3752;1st.prg:3754;1st.prg:3758;1st.prg:3759;1st.prg:3771;1st.prg:3772;1st.prg:3773;1st.prg:3774;1st.prg:3775;1st.prg:3777;1st.prg:3780;1st.prg:3781;1st.prg:3783;1st.prg:3785;1st.prg:3787;1st.prg:3789;1st.prg:3791;1st.prg:3793;1st.prg:3795;1st.prg:3804;1st.prg:3805;1st.prg:3806;1st.prg:3807;1st.prg:3809;1st.prg:3811;1st.prg:3813;1st.prg:3814;1st.prg:3817;1st.prg:3818;1st.prg:3820;1st.prg:3821;1st.prg:3825;1st.prg:3827;1st.prg:3828;1st.prg:3829;1st.prg:3831;1st.prg:3832;1st.prg:3835;1st.prg:3836;1st.prg:3844;1st.prg:3845;1st.prg:3849;1st.prg:3850;1st.prg:3851;1st.prg:3852;1st.prg:3853;1st.prg:3855;1st.prg:3857;1st.prg:3861;1st.prg:3862;1st.prg:3864;1st.prg:3866;1st.prg:3868;1st.prg:3870;1st.prg:3872;1st.prg:3874;1st.prg:3876;1st.prg:3879;1st.prg:3880;1st.prg:3888;1st.prg:3889;1st.prg:3890;1st.prg:3891;1st.prg:3894;1st.prg:3898;1st.prg:3901;1st.prg:3904;1st.prg:3906;1st.prg:3908;1st.prg:3910;1st.prg:3914;1st.prg:3915;1st.prg:3916;1st.prg:3917;1st.prg:3925;1st.prg:3926;1st.prg:3933;1st.prg:3943;1st.prg:3944;1st.prg:3945;1st.prg:3946;1st.prg:3949;1st.prg:3951;1st.prg:3952;1st.prg:3953;1st.prg:3954;1st.prg:3956;1st.prg:3958;1st.prg:3959;1st.prg:3960;1st.prg:3961;1st.prg:3963;1st.prg:3966;1st.prg:3967;1st.prg:3969;1st.prg:3970;1st.prg:3972;1st.prg:3973;1st.prg:3976;1st.prg:3980;1st.prg:3981;1st.prg:3983;1st.prg:3985;1st.prg:3987;1st.prg:3989;1st.prg:3991;1st.prg:3993;1st.prg:3995;1st.prg:4030;1st.prg:4034;1st.prg:4035;1st.prg:4039;1st.prg:4040;1st.prg:4041;1st.prg:4042;1st.prg:4043;1st.prg:4044;1st.prg:4048;1st.prg:4049;1st.prg:4053;1st.prg:4054;1st.prg:4058;1st.prg:4066;1st.prg:4067;1st.prg:4068;1st.prg:4069;1st.prg:4081;1st.prg:4086;1st.prg:4087;1st.prg:4088;1st.prg:4089;1st.prg:4099;1st.prg:4100;1st.prg:4110;1st.prg:4112;1st.prg:4113;1st.prg:4123;1st.prg:4124;1st.prg:4126;1st.prg:4128;1st.prg:4129;1st.prg:4138;1st.prg:4139;1st.prg:4140;1st.prg:4141;1st.prg:4147;1st.prg:4148;1st.prg:4149;1st.prg:4155;1st.prg:4156;1st.prg:4158;1st.prg:4160;1st.prg:4161;1st.prg:4164;1st.prg:4166;1st.prg:4170;1st.prg:4172;1st.prg:4176;1st.prg:4185;1st.prg:4187;1st.prg:4188;1st.prg:4189;1st.prg:4190;1st.prg:4191;1st.prg:4192;1st.prg:4196;1st.prg:4197;1st.prg:4205;1st.prg:4206;1st.prg:4207;1st.prg:4208;1st.prg:4210;1st.prg:4212;1st.prg:4214;1st.prg:4215;1st.prg:4216;1st.prg:4217;1st.prg:4219;1st.prg:4220;1st.prg:4223;1st.prg:4225;1st.prg:4226;1st.prg:4227;1st.prg:4229;1st.prg:4230;1st.prg:4232;1st.prg:4233;1st.prg:4235;1st.prg:4236;1st.prg:4237;1st.prg:4241;1st.prg:4242;1st.prg:4244;1st.prg:4245;1st.prg:4246;1st.prg:4248;1st.prg:4249;1st.prg:4250;1st.prg:4253;1st.prg:4254;1st.prg:4256;1st.prg:4258;1st.prg:4260;1st.prg:4262;1st.prg:4264;1st.prg:4266;1st.prg:4268;1st.prg:4272;1st.prg:4273;1st.prg:4280;1st.prg:4281;1st.prg:4282;1st.prg:4283;1st.prg:4286;1st.prg:4287;1st.prg:4288;1st.prg:4290;1st.prg:4293;1st.prg:4294;1st.prg:4295;1st.prg:4296;1st.prg:4300;1st.prg:4302;1st.prg:4304;1st.prg:4306;1st.prg:4307;1st.prg:4312;1st.prg:4314;1st.prg:4318;1st.prg:4319;1st.prg:4326;1st.prg:4329;1st.prg:4330;1st.prg:4332;1st.prg:4336;1st.prg:4337;1st.prg:4339;1st.prg:4341;1st.prg:4343;1st.prg:4345;1st.prg:4347;1st.prg:4349;1st.prg:4351;1st.prg:4355;1st.prg:4356;1st.prg:4369;1st.prg:4370;1st.prg:4371;1st.prg:4372;1st.prg:4375;1st.prg:4376;1st.prg:4377;1st.prg:4379;1st.prg:4382;1st.prg:4383;1st.prg:4384;1st.prg:4385;1st.prg:4389;1st.prg:4391;1st.prg:4393;1st.prg:4397;1st.prg:4398;1st.prg:4399;1st.prg:4402;1st.prg:4403;1st.prg:4414;1st.prg:4415;1st.prg:4422;1st.prg:4425;1st.prg:4426;1st.prg:4428;1st.prg:4432;1st.prg:4433;1st.prg:4435;1st.prg:4437;1st.prg:4439;1st.prg:4441;1st.prg:4443;1st.prg:4445;1st.prg:4447;1st.prg:4451;1st.prg:4452;1st.prg:4464;1st.prg:4465;1st.prg:4466;1st.prg:4467;1st.prg:4468;1st.prg:4470;1st.prg:4473;1st.prg:4474;1st.prg:4476;1st.prg:4478;1st.prg:4480;1st.prg:4482;1st.prg:4484;1st.prg:4486;1st.prg:4488;1st.prg:4497;1st.prg:4498;1st.prg:4499;1st.prg:4500;1st.prg:4502;1st.prg:4504;1st.prg:4506;1st.prg:4507;1st.prg:4510;1st.prg:4511;1st.prg:4513;1st.prg:4514;1st.prg:4518;1st.prg:4520;1st.prg:4521;1st.prg:4522;1st.prg:4524;1st.prg:4525;1st.prg:4528;1st.prg:4529;1st.prg:4537;1st.prg:4538;1st.prg:4542;1st.prg:4543;1st.prg:4544;1st.prg:4545;1st.prg:4546;1st.prg:4548;1st.prg:4550;1st.prg:4554;1st.prg:4555;1st.prg:4557;1st.prg:4559;1st.prg:4561;1st.prg:4563;1st.prg:4565;1st.prg:4567;1st.prg:4569;1st.prg:4572;1st.prg:4573;1st.prg:4581;1st.prg:4582;1st.prg:4583;1st.prg:4584;1st.prg:4587;1st.prg:4591;1st.prg:4594;1st.prg:4597;1st.prg:4599;1st.prg:4601;1st.prg:4603;1st.prg:4607;1st.prg:4608;1st.prg:4609;1st.prg:4610;1st.prg:4618;1st.prg:4619;1st.prg:4626;1st.prg:4636;1st.prg:4637;1st.prg:4638;1st.prg:4639;1st.prg:4642;1st.prg:4644;1st.prg:4645;1st.prg:4646;1st.prg:4647;1st.prg:4649;1st.prg:4651;1st.prg:4652;1st.prg:4653;1st.prg:4654;1st.prg:4656;1st.prg:4659;1st.prg:4660;1st.prg:4662;1st.prg:4663;1st.prg:4665;1st.prg:4666;1st.prg:4669;1st.prg:4673;1st.prg:4674;1st.prg:4676;1st.prg:4678;1st.prg:4680;1st.prg:4682;1st.prg:4684;1st.prg:4686;1st.prg:4688;1st.prg:4723;1st.prg:4727;1st.prg:4728;1st.prg:4732;1st.prg:4733;1st.prg:4734;1st.prg:4735;1st.prg:4736;1st.prg:4737;1st.prg:4741;1st.prg:4742;1st.prg:4746;1st.prg:4747;1st.prg:4751;1st.prg:4759;1st.prg:4760;1st.prg:4761;1st.prg:4762;1st.prg:4774;1st.prg:4779;1st.prg:4780;1st.prg:4781;1st.prg:4782;1st.prg:4792;1st.prg:4793;1st.prg:4803;1st.prg:4805;1st.prg:4806;1st.prg:4816;1st.prg:4817;1st.prg:4819;1st.prg:4821;1st.prg:4822;1st.prg:4831;1st.prg:4832;1st.prg:4833;1st.prg:4834;1st.prg:4840;1st.prg:4841;1st.prg:4842;1st.prg:4848;1st.prg:4849;1st.prg:4851;1st.prg:4853;1st.prg:4854;1st.prg:4857;1st.prg:4859;1st.prg:4863;1st.prg:4865;1st.prg:4869;1st.prg:4878;1st.prg:4880;1st.prg:4881;1st.prg:4882;1st.prg:4883;1st.prg:4884;1st.prg:4885;1st.prg:4889;1st.prg:4890;1st.prg:4898;1st.prg:4899;1st.prg:4900;1st.prg:4901;1st.prg:4903;1st.prg:4905;1st.prg:4907;1st.prg:4908;1st.prg:4909;1st.prg:4910;1st.prg:4912;1st.prg:4913;1st.prg:4916;1st.prg:4918;1st.prg:4919;1st.prg:4920;1st.prg:4922;1st.prg:4923;1st.prg:4925;1st.prg:4926;1st.prg:4928;1st.prg:4929;1st.prg:4930;1st.prg:4934;1st.prg:4935;1st.prg:4937;1st.prg:4938;1st.prg:4939;1st.prg:4941;1st.prg:4942;1st.prg:4943;1st.prg:4946;1st.prg:4947;1st.prg:4949;1st.prg:4951;1st.prg:4953;1st.prg:4955;1st.prg:4957;1st.prg:4959;1st.prg:4961;1st.prg:4965;1st.prg:4966;1st.prg:4973;1st.prg:4974;1st.prg:4975;1st.prg:4976;1st.prg:4979;1st.prg:4980;1st.prg:4981;1st.prg:4983;1st.prg:4986;1st.prg:4987;1st.prg:4988;1st.prg:4989;1st.prg:4993;1st.prg:4995;1st.prg:4997;1st.prg:4999;1st.prg:5000;1st.prg:5005;1st.prg:5007;1st.prg:5011;1st.prg:5012;1st.prg:5019;1st.prg:5022;1st.prg:5023;1st.prg:5025;1st.prg:5029;1st.prg:5030;1st.prg:5032;1st.prg:5034;1st.prg:5036;1st.prg:5038;1st.prg:5040;1st.prg:5042;1st.prg:5044;1st.prg:5048;1st.prg:5049;1st.prg:5062;1st.prg:5063;1st.prg:5064;1st.prg:5065;1st.prg:5068;1st.prg:5069;1st.prg:5070;1st.prg:5072;1st.prg:5075;1st.prg:5076;1st.prg:5077;1st.prg:5078;1st.prg:5082;1st.prg:5084;1st.prg:5086;1st.prg:5090;1st.prg:5091;1st.prg:5092;1st.prg:5095;1st.prg:5096;1st.prg:5107;1st.prg:5108;1st.prg:5115;1st.prg:5118;1st.prg:5119;1st.prg:5121;1st.prg:5125;1st.prg:5126;1st.prg:5128;1st.prg:5130;1st.prg:5132;1st.prg:5134;1st.prg:5136;1st.prg:5138;1st.prg:5140;1st.prg:5144;1st.prg:5145;1st.prg:5157;1st.prg:5158;1st.prg:5159;1st.prg:5160;1st.prg:5161;1st.prg:5163;1st.prg:5166;1st.prg:5167;1st.prg:5169;1st.prg:5171;1st.prg:5173;1st.prg:5175;1st.prg:5177;1st.prg:5179;1st.prg:5181;1st.prg:5190;1st.prg:5191;1st.prg:5192;1st.prg:5193;1st.prg:5195;1st.prg:5197;1st.prg:5199;1st.prg:5200;1st.prg:5203;1st.prg:5204;1st.prg:5206;1st.prg:5207;1st.prg:5211;1st.prg:5213;1st.prg:5214;1st.prg:5215;1st.prg:5217;1st.prg:5218;1st.prg:5221;1st.prg:5222;1st.prg:5230;1st.prg:5231;1st.prg:5235;1st.prg:5236;1st.prg:5237;1st.prg:5238;1st.prg:5239;1st.prg:5241;1st.prg:5243;1st.prg:5247;1st.prg:5248;1st.prg:5250;1st.prg:5252;1st.prg:5254;1st.prg:5256;1st.prg:5258;1st.prg:5260;1st.prg:5262;1st.prg:5265;1st.prg:5266;1st.prg:5274;1st.prg:5275;1st.prg:5276;1st.prg:5277;1st.prg:5280;1st.prg:5284;1st.prg:5287;1st.prg:5290;1st.prg:5292;1st.prg:5294;1st.prg:5296;1st.prg:5300;1st.prg:5301;1st.prg:5302;1st.prg:5303;1st.prg:5311;1st.prg:5312;1st.prg:5319;1st.prg:5329;1st.prg:5330;1st.prg:5331;1st.prg:5332;1st.prg:5335;1st.prg:5337;1st.prg:5338;1st.prg:5339;1st.prg:5340;1st.prg:5342;1st.prg:5344;1st.prg:5345;1st.prg:5346;1st.prg:5347;1st.prg:5349;1st.prg:5352;1st.prg:5353;1st.prg:5355;1st.prg:5356;1st.prg:5358;1st.prg:5359;1st.prg:5362;1st.prg:5366;1st.prg:5367;1st.prg:5369;1st.prg:5371;1st.prg:5373;1st.prg:5375;1st.prg:5377;1st.prg:5379;1st.prg:5381;1st.prg:5416;1st.prg:5420;1st.prg:5421;1st.prg:5425;1st.prg:5426;1st.prg:5427;1st.prg:5428;1st.prg:5429;1st.prg:5430;1st.prg:5434;1st.prg:5435;1st.prg:5439;1st.prg:5440;1st.prg:5444;1st.prg:5452;1st.prg:5453;1st.prg:5454;1st.prg:5455;1st.prg:5467;1st.prg:5472;1st.prg:5473;1st.prg:5474;1st.prg:5475;1st.prg:5485;1st.prg:5486;1st.prg:5496;1st.prg:5498;1st.prg:5499;1st.prg:5509;1st.prg:5510;1st.prg:5512;1st.prg:5514;1st.prg:5515;1st.prg:5524;1st.prg:5525;1st.prg:5526;1st.prg:5527;1st.prg:5533;1st.prg:5534;1st.prg:5535;1st.prg:5541;1st.prg:5542;1st.prg:5544;1st.prg:5546;1st.prg:5547;1st.prg:5550;1st.prg:5552;1st.prg:5556;1st.prg:5558;1st.prg:5562;1st.prg:5571;1st.prg:5573;1st.prg:5574;1st.prg:5575;1st.prg:5576;1st.prg:5577;1st.prg:5578;1st.prg:5582;1st.prg:5583;1st.prg:5591;1st.prg:5592;1st.prg:5593;1st.prg:5594;1st.prg:5596;1st.prg:5598;1st.prg:5600;1st.prg:5601;1st.prg:5602;1st.prg:5603;1st.prg:5605;1st.prg:5606;1st.prg:5609;1st.prg:5611;1st.prg:5612;1st.prg:5613;1st.prg:5615;1st.prg:5616;1st.prg:5618;1st.prg:5619;1st.prg:5621;1st.prg:5622;1st.prg:5623;1st.prg:5627;1st.prg:5628;1st.prg:5630;1st.prg:5631;1st.prg:5632;1st.prg:5634;1st.prg:5635;1st.prg:5636;1st.prg:5639;1st.prg:5640;1st.prg:5642;1st.prg:5644;1st.prg:5646;1st.prg:5648;1st.prg:5650;1st.prg:5652;1st.prg:5654;1st.prg:5658;1st.prg:5659;1st.prg:5666;1st.prg:5667;1st.prg:5668;1st.prg:5669;1st.prg:5672;1st.prg:5673;1st.prg:5674;1st.prg:5676;1st.prg:5679;1st.prg:5680;1st.prg:5681;1st.prg:5682;1st.prg:5686;1st.prg:5688;1st.prg:5690;1st.prg:5692;1st.prg:5693;1st.prg:5698;1st.prg:5700;1st.prg:5704;1st.prg:5705;1st.prg:5712;1st.prg:5715;1st.prg:5716;1st.prg:5718;1st.prg:5722;1st.prg:5723;1st.prg:5725;1st.prg:5727;1st.prg:5729;1st.prg:5731;1st.prg:5733;1st.prg:5735;1st.prg:5737;1st.prg:5741;1st.prg:5742;1st.prg:5755;1st.prg:5756;1st.prg:5757;1st.prg:5758;1st.prg:5761;1st.prg:5762;1st.prg:5763;1st.prg:5765;1st.prg:5768;1st.prg:5769;1st.prg:5770;1st.prg:5771;1st.prg:5775;1st.prg:5777;1st.prg:5779;1st.prg:5783;1st.prg:5784;1st.prg:5785;1st.prg:5788;1st.prg:5789;1st.prg:5800;1st.prg:5801;1st.prg:5808;1st.prg:5811;1st.prg:5812;1st.prg:5814;1st.prg:5818;1st.prg:5819;1st.prg:5821;1st.prg:5823;1st.prg:5825;1st.prg:5827;1st.prg:5829;1st.prg:5831;1st.prg:5833;1st.prg:5837;1st.prg:5838;1st.prg:5850;1st.prg:5851;1st.prg:5852;1st.prg:5853;1st.prg:5854;1st.prg:5856;1st.prg:5859;1st.prg:5860;1st.prg:5862;1st.prg:5864;1st.prg:5866;1st.prg:5868;1st.prg:5870;1st.prg:5872;1st.prg:5874;1st.prg:5883;1st.prg:5884;1st.prg:5885;1st.prg:5886;1st.prg:5888;1st.prg:5890;1st.prg:5892;1st.prg:5893;1st.prg:5896;1st.prg:5897;1st.prg:5899;1st.prg:5900;1st.prg:5904;1st.prg:5906;1st.prg:5907;1st.prg:5908;1st.prg:5910;1st.prg:5911;1st.prg:5914;1st.prg:5915;1st.prg:5923;1st.prg:5924;1st.prg:5928;1st.prg:5929;1st.prg:5930;1st.prg:5931;1st.prg:5932;1st.prg:5934;1st.prg:5936;1st.prg:5940;1st.prg:5941;1st.prg:5943;1st.prg:5945;1st.prg:5947;1st.prg:5949;1st.prg:5951;1st.prg:5953;1st.prg:5955;1st.prg:5958;1st.prg:5959;1st.prg:5967;1st.prg:5968;1st.prg:5969;1st.prg:5970;1st.prg:5973;1st.prg:5977;1st.prg:5980;1st.prg:5983;1st.prg:5985;1st.prg:5987;1st.prg:5989;1st.prg:5993;1st.prg:5994;1st.prg:5995;1st.prg:5996;1st.prg:6004;1st.prg:6005;1st.prg:6012;1st.prg:6022;1st.prg:6023;1st.prg:6024;1st.prg:6025;1st.prg:6028;1st.prg:6030;1st.prg:6031;1st.prg:6032;1st.prg:6033;1st.prg:6035;1st.prg:6037;1st.prg:6038;1st.prg:6039;1st.prg:6040;1st.prg:6042;1st.prg:6045;1st.prg:6046;1st.prg:6048;1st.prg:6049;1st.prg:6051;1st.prg:6052;1st.prg:6055;1st.prg:6059;1st.prg:6060;1st.prg:6062;1st.prg:6064;1st.prg:6066;1st.prg:6068;1st.prg:6070;1st.prg:6072;1st.prg:6074;1st.prg:10857;1st.prg:10951;1st.prg:10952;1st.prg:10953;1st.prg:10954;1st.prg:10955;1st.prg:10956;1st.prg:10957;1st.prg:10958;1st.prg:10959;1st.prg:10960;1st.prg:10968;1st.prg:10970;1st.prg:10971;1st.prg:10972;1st.prg:10973;1st.prg:10974;1st.prg:10975;1st.prg:10976;1st.prg:10977;1st.prg:10978;1st.prg:10979;1st.prg:10980;1st.prg:10981;1st.prg:10982;1st.prg:10983;1st.prg:10984;1st.prg:10985;1st.prg:10986;1st.prg:10987;1st.prg:10988;1st.prg:10997;1st.prg:11002;1st.prg:11006;1st.prg:11007;1st.prg:11008;1st.prg:11009;1st.prg:11010;1st.prg:11011;1st.prg:11012;1st.prg:11013;1st.prg:11014;1st.prg:11015;1st.prg:11016;1st.prg:11017;1st.prg:11018;1st.prg:11019;1st.prg:11020;1st.prg:11021;1st.prg:11022;1st.prg:11023;1st.prg:11026;1st.prg:11027;1st.prg:11030;1st.prg:11032;1st.prg:11033;1st.prg:11037;1st.prg:11039;1st.prg:11040;1st.prg:11044;1st.prg:11045;1st.prg:11046;1st.prg:11047;1st.prg:11048;1st.prg:11049;1st.prg:11050;1st.prg:11051;1st.prg:11053;1st.prg:11055;1st.prg:11056;1st.prg:11057;1st.prg:11060;1st.prg:11061;1st.prg:11062;1st.prg:11063;1st.prg:11064;1st.prg:11065;1st.prg:11068;1st.prg:11070;1st.prg:11071;1st.prg:11072;1st.prg:11073;1st.prg:11075;1st.prg:11076;1st.prg:11077;1st.prg:11078;1st.prg:11080;1st.prg:11082;1st.prg:11088;1st.prg:11090;1st.prg:11091;1st.prg:11092;1st.prg:11094;1st.prg:11097;1st.prg:11098;1st.prg:11099;1st.prg:11100;1st.prg:11101;1st.prg:11108;1st.prg:11109;1st.prg:11110;1st.prg:11114;1st.prg:11115;1st.prg:11116;1st.prg:11117;1st.prg:11118;1st.prg:11119;1st.prg:11121;1st.prg:11126;1st.prg:11131;1st.prg:11136;1st.prg:11141;1st.prg:11146;1st.prg:11151;1st.prg:11156;1st.prg:11165;1st.prg:11166;1st.prg:11169;1st.prg:11170;1st.prg:11173;1st.prg:11174;1st.prg:11175;1st.prg:11176;1st.prg:11177;1st.prg:11178;1st.prg:11179;1st.prg:11180;1st.prg:11181;1st.prg:11182;1st.prg:11183;1st.prg:11184;1st.prg:11185;1st.prg:11186;1st.prg:11187;1st.prg:11188;1st.prg:11189;1st.prg:11212;1st.prg:11213;1st.prg:11215;1st.prg:11216;1st.prg:11218;1st.prg:11220;1st.prg:11222;1st.prg:11224;1st.prg:11226;1st.prg:11228;1st.prg:11230;1st.prg:11233;1st.prg:11234;1st.prg:11235;1st.prg:11236;1st.prg:11237,1st.prg:37;1st.prg:735;1st.prg:1954;1st.prg:2647;1st.prg:3340;1st.prg:4033;1st.prg:4726;1st.prg:5419;1st.prg:10947;1st.prg:11194;1st.prg:11210;1st.prg:11240,局部计算/临时变量,,低
iAxisSubType,global int,1st.prg:8848,,通用控制变量,,中
iAxisType,global int,1st.prg:8848,,通用控制变量,,中
iCARAIChannel,local int,1st.prg:582;1st.prg:611;1st.prg:620;1st.prg:1189;1st.prg:1218;1st.prg:1227;1st.prg:2499;1st.prg:2528;1st.prg:2537;1st.prg:3192;1st.prg:3221;1st.prg:3230;1st.prg:3885;1st.prg:3914;1st.prg:3923;1st.prg:4578;1st.prg:4607;1st.prg:4616;1st.prg:5271;1st.prg:5300;1st.prg:5309;1st.prg:5964;1st.prg:5993;1st.prg:6002,1st.prg:583;1st.prg:602;1st.prg:604;1st.prg:606;1st.prg:608;1st.prg:1190;1st.prg:1209;1st.prg:1211;1st.prg:1213;1st.prg:1215;1st.prg:2500;1st.prg:2519;1st.prg:2521;1st.prg:2523;1st.prg:2525;1st.prg:3193;1st.prg:3212;1st.prg:3214;1st.prg:3216;1st.prg:3218;1st.prg:3886;1st.prg:3905;1st.prg:3907;1st.prg:3909;1st.prg:3911;1st.prg:4579;1st.prg:4598;1st.prg:4600;1st.prg:4602;1st.prg:4604;1st.prg:5272;1st.prg:5291;1st.prg:5293;1st.prg:5295;1st.prg:5297;1st.prg:5965;1st.prg:5984;1st.prg:5986;1st.prg:5988;1st.prg:5990,局部计算/临时变量,,低
iCARAxis,local int,1st.prg:7738;1st.prg:7763;1st.prg:7770;1st.prg:7771;1st.prg:7782;1st.prg:7789;1st.prg:7796;1st.prg:7803;1st.prg:7810;1st.prg:7818,1st.prg:7746;1st.prg:7747;1st.prg:7751,局部计算/临时变量,,低
iCar_Interlock_Cmd,global int,1st.prg:18;1st.prg:38;1st.prg:715;1st.prg:736;1st.prg:1935;1st.prg:1955;1st.prg:2628;1st.prg:2648;1st.prg:3321;1st.prg:3341;1st.prg:4014;1st.prg:4034;1st.prg:4707;1st.prg:4727;1st.prg:5400;1st.prg:5420;1st.prg:6897;1st.prg:7103;1st.prg:7142;1st.prg:10845;1st.prg:11002,1st.prg:7008,互锁/运动阻止逻辑,,高
iCar_Stage_Home_Cmd,global int,1st.prg:6898;1st.prg:7103,1st.prg:7009,通用控制变量,,中
iControlMode0,global int tag 1006,1st.prg:11494,,通用控制变量,0,中
iControlMode1,global int tag 1206,1st.prg:1535;1st.prg:1553;1st.prg:1591;1st.prg:1627;1st.prg:1719;1st.prg:1722;1st.prg:1911;1st.prg:1913;1st.prg:1916;1st.prg:1918;1st.prg:11040;1st.prg:11576,1st.prg:1439;1st.prg:1782;1st.prg:1792,通用控制变量,1,中
iControlMode2,global int tag 1106,1st.prg:11535,,通用控制变量,2,中
iControlMode3,global int tag 1306,1st.prg:11616,,通用控制变量,3,中
iControlMode4,global int tag 1406,1st.prg:11656,,通用控制变量,4,中
iControlMode5,global int tag 1606,1st.prg:11734,,通用控制变量,5,中
iControlMode6,global int tag 1506,1st.prg:11695,,通用控制变量,6,中
iControlMode7,global int tag 1706,1st.prg:11773,,通用控制变量,7,中
iControlModePrev,local int,1st.prg:1397;1st.prg:1911;1st.prg:1916,1st.prg:1440;1st.prg:1913;1st.prg:1918,局部计算/临时变量,,低
iControlProcessState,global int,1st.prg:8438;1st.prg:8554;1st.prg:9511;1st.prg:9927;1st.prg:9928;1st.prg:9929;1st.prg:9930;1st.prg:9931;1st.prg:9932;1st.prg:9933;1st.prg:9934;1st.prg:11026;1st.prg:11422,1st.prg:39;1st.prg:43;1st.prg:174;1st.prg:623;1st.prg:737;1st.prg:741;1st.prg:800;1st.prg:1230;1st.prg:1956;1st.prg:1960;1st.prg:2091;1st.prg:2540;1st.prg:2649;1st.prg:2653;1st.prg:2784;1st.prg:3233;1st.prg:3342;1st.prg:3346;1st.prg:3477;1st.prg:3926;1st.prg:4035;1st.prg:4039;1st.prg:4170;1st.prg:4619;1st.prg:4728;1st.prg:4732;1st.prg:4863;1st.prg:5312;1st.prg:5421;1st.prg:5425;1st.prg:5556;1st.prg:6005;1st.prg:7131;1st.prg:7138;1st.prg:7144;1st.prg:8321;1st.prg:8413;1st.prg:8429;1st.prg:8439;1st.prg:8519;1st.prg:8535;1st.prg:8550;1st.prg:8555;1st.prg:8556;1st.prg:9512;1st.prg:9983;1st.prg:9999;1st.prg:10015;1st.prg:10016;1st.prg:10027;1st.prg:10028;1st.prg:10055;1st.prg:10112;1st.prg:10120;1st.prg:10136;1st.prg:10182;1st.prg:10233;1st.prg:10290;1st.prg:10333;1st.prg:10391;1st.prg:10441;1st.prg:10442;1st.prg:10556;1st.prg:10557;1st.prg:10689;1st.prg:10833;1st.prg:10953;1st.prg:11006;1st.prg:11027;1st.prg:11044;1st.prg:11119;1st.prg:11166;1st.prg:11170;1st.prg:11237;1st.prg:11307;1st.prg:11319;1st.prg:11332;1st.prg:11344;1st.prg:11357;1st.prg:11370;1st.prg:11383;1st.prg:11396,通用控制变量,,中
iCurrentRampingPoint,local int,1st.prg:1397;1st.prg:1568,1st.prg:1530;1st.prg:1644;1st.prg:1746,局部计算/临时变量,,低
iExtCommanded,unknown unknown,1st.prg:8299;1st.prg:8332;1st.prg:8417;1st.prg:8448;1st.prg:10374;1st.prg:10668,1st.prg:8235;1st.prg:8355;1st.prg:8427;1st.prg:10386;1st.prg:10562;1st.prg:10678,通用控制变量,,中
iExtMoving,unknown unknown,1st.prg:8653;1st.prg:8851;1st.prg:10374;1st.prg:10668,1st.prg:8240;1st.prg:8356;1st.prg:8428;1st.prg:9264;1st.prg:10387;1st.prg:10679,通用控制变量,,中
iHomingMethod,global int,1st.prg:152;1st.prg:159;1st.prg:170;1st.prg:770;1st.prg:785;1st.prg:796;1st.prg:2069;1st.prg:2076;1st.prg:2087;1st.prg:2762;1st.prg:2769;1st.prg:2780;1st.prg:3455;1st.prg:3462;1st.prg:3473;1st.prg:4148;1st.prg:4155;1st.prg:4166;1st.prg:4841;1st.prg:4848;1st.prg:4859;1st.prg:5534;1st.prg:5541;1st.prg:5552;1st.prg:8972;1st.prg:10281;1st.prg:10319;1st.prg:10325;1st.prg:10357;1st.prg:10423;1st.prg:10749;1st.prg:11449,,通用控制变量,,中
iIndex,local int,1st.prg:10570;1st.prg:10576;1st.prg:10577;1st.prg:10584;1st.prg:10585;1st.prg:10595;1st.prg:10599;1st.prg:10604;1st.prg:10607;1st.prg:10609;1st.prg:10610;1st.prg:10611;1st.prg:10612;1st.prg:10613;1st.prg:10614,1st.prg:10574;1st.prg:10578;1st.prg:10581;1st.prg:10588;1st.prg:10592;1st.prg:10617,局部计算/临时变量,,低
iInterlockBehavior,global int,1st.prg:8964;1st.prg:10288;1st.prg:10292;1st.prg:11441,,互锁/运动阻止逻辑,,高
iInterlockEnabled,global int,1st.prg:38;1st.prg:736;1st.prg:1955;1st.prg:2648;1st.prg:3341;1st.prg:4034;1st.prg:4727;1st.prg:5420;1st.prg:8963;1st.prg:9136;1st.prg:9141;1st.prg:9879;1st.prg:9883;1st.prg:9885;1st.prg:9889;1st.prg:9890;1st.prg:9892;1st.prg:9893;1st.prg:9894;1st.prg:9895;1st.prg:9896;1st.prg:10287;1st.prg:10997;1st.prg:11439,,互锁/运动阻止逻辑,,高
iInverseInterlockLogic,global int,1st.prg:8978;1st.prg:9416;1st.prg:11460,,互锁/运动阻止逻辑,,高
iKillTrajVar,local int,1st.prg:8869;1st.prg:10118;1st.prg:10133,1st.prg:10101;1st.prg:10102;1st.prg:10103;1st.prg:10104;1st.prg:10105;1st.prg:10106;1st.prg:10107;1st.prg:10108,局部计算/临时变量,,低
iLLDoorOpened,local int,1st.prg:8857;1st.prg:10223,1st.prg:9227;1st.prg:9229;1st.prg:9396;1st.prg:9398;1st.prg:10185;1st.prg:10226,局部计算/临时变量,,低
iLLDoorOpened2,local int,1st.prg:8857;1st.prg:10274,1st.prg:9232;1st.prg:9234;1st.prg:10236;1st.prg:10277,局部计算/临时变量,2,低
iLl_Interlock_Cmd,global int,1st.prg:16;1st.prg:38;1st.prg:713;1st.prg:736;1st.prg:1933;1st.prg:1955;1st.prg:2626;1st.prg:2648;1st.prg:3319;1st.prg:3341;1st.prg:4012;1st.prg:4034;1st.prg:4705;1st.prg:4727;1st.prg:5398;1st.prg:5420;1st.prg:6887;1st.prg:7045;1st.prg:7129;1st.prg:10843;1st.prg:11002,1st.prg:6977,互锁/运动阻止逻辑,,高
iLl_Stage_Down_Cmd,global int,1st.prg:6889;1st.prg:6983;1st.prg:6985,1st.prg:6981,通用控制变量,,中
iLl_Stage_Up_Cmd,global int,1st.prg:6888;1st.prg:6983;1st.prg:6985,1st.prg:6980,通用控制变量,,中
iNeedSLL,local int,1st.prg:32;1st.prg:175;1st.prg:730;1st.prg:801;1st.prg:1949;1st.prg:2092;1st.prg:2642;1st.prg:2785;1st.prg:3335;1st.prg:3478;1st.prg:4028;1st.prg:4171;1st.prg:4721;1st.prg:4864;1st.prg:5414;1st.prg:5557,1st.prg:49;1st.prg:54;1st.prg:747;1st.prg:752;1st.prg:1966;1st.prg:1971;1st.prg:2659;1st.prg:2664;1st.prg:3352;1st.prg:3357;1st.prg:4045;1st.prg:4050;1st.prg:4738;1st.prg:4743;1st.prg:5431;1st.prg:5436,局部计算/临时变量,,低
iNeedSRL,local int,1st.prg:32;1st.prg:179;1st.prg:730;1st.prg:805;1st.prg:1949;1st.prg:2096;1st.prg:2642;1st.prg:2789;1st.prg:3335;1st.prg:3482;1st.prg:4028;1st.prg:4175;1st.prg:4721;1st.prg:4868;1st.prg:5414;1st.prg:5561,1st.prg:50;1st.prg:59;1st.prg:748;1st.prg:757;1st.prg:1967;1st.prg:1976;1st.prg:2660;1st.prg:2669;1st.prg:3353;1st.prg:3362;1st.prg:4046;1st.prg:4055;1st.prg:4739;1st.prg:4748;1st.prg:5432;1st.prg:5441,局部计算/临时变量,,低
iNumOfCARs,local int,1st.prg:7738;1st.prg:7751;1st.prg:7752;1st.prg:7754;1st.prg:7762;1st.prg:7769,1st.prg:7748;1st.prg:7753,局部计算/临时变量,,低
iNumOfRampPoints,local int,1st.prg:1397;1st.prg:1568,1st.prg:1739;1st.prg:1742,局部计算/临时变量,,低
iPreventMove,global int,1st.prg:10997;1st.prg:11169;1st.prg:11453,1st.prg:6753;1st.prg:6755;1st.prg:7643;1st.prg:9095,互锁/运动阻止逻辑,,高
iQcmAxis,global int,1st.prg:7635;1st.prg:8974;1st.prg:9366;1st.prg:11452,,通用控制变量,,中
iRampingDir,local int,1st.prg:1397;1st.prg:1569,1st.prg:1740;1st.prg:1743,局部计算/临时变量,,低
iRotAllowed,unknown unknown,,1st.prg:8441;1st.prg:8548,通用控制变量,,中
iRotCommanded,unknown unknown,1st.prg:8299;1st.prg:8324;1st.prg:8350;1st.prg:8523;1st.prg:10374;1st.prg:10668,1st.prg:8236;1st.prg:8468;1st.prg:8533;1st.prg:10383;1st.prg:10563;1st.prg:10675,通用控制变量,,中
iRotMoving,unknown unknown,1st.prg:8569;1st.prg:8851;1st.prg:10374;1st.prg:10668,1st.prg:8238;1st.prg:8469;1st.prg:8534;1st.prg:9265;1st.prg:10384;1st.prg:10676,通用控制变量,,中
iSPChanged,local int,1st.prg:1397;1st.prg:1591;1st.prg:1595;1st.prg:1627;1st.prg:1631,1st.prg:1417;1st.prg:1596;1st.prg:1632;1st.prg:1828;1st.prg:1844,设定值/目标位置,,高
iSecondAxis,local int,1st.prg:8832,,局部计算/临时变量,,低
iSecondSPEnabled,global int,1st.prg:8966;1st.prg:10332;1st.prg:11440,,设定值/目标位置,,高
iSt_Interlock_Cmd,global int,1st.prg:17;1st.prg:38;1st.prg:714;1st.prg:736;1st.prg:1934;1st.prg:1955;1st.prg:2627;1st.prg:2648;1st.prg:3320;1st.prg:3341;1st.prg:4013;1st.prg:4034;1st.prg:4706;1st.prg:4727;1st.prg:5399;1st.prg:5420;1st.prg:6892;1st.prg:7058;1st.prg:7136;1st.prg:10844;1st.prg:11002,1st.prg:6991,互锁/运动阻止逻辑,,高
iSt_Stage_Down_Cmd,global int,1st.prg:6894;1st.prg:6997;1st.prg:6999,1st.prg:6995,通用控制变量,,中
iSt_Stage_Up_Cmd,global int,1st.prg:6893;1st.prg:6997;1st.prg:6999,1st.prg:6994,通用控制变量,,中
iSwitchedToPressControlMode,local int,1st.prg:1397;1st.prg:1537,1st.prg:1441;1st.prg:1562;1st.prg:1912,局部计算/临时变量,,低
iTimeout,local int,1st.prg:7968;1st.prg:7981;1st.prg:7996;1st.prg:8012,1st.prg:7977;1st.prg:7980;1st.prg:7991;1st.prg:7995;1st.prg:8008;1st.prg:8011,局部计算/临时变量,,低
iTmpIndex,local int,1st.prg:8833;1st.prg:9846;1st.prg:9875,1st.prg:9844;1st.prg:9847;1st.prg:9873;1st.prg:9876,局部计算/临时变量,,低
iType,global int,1st.prg:38;1st.prg:153;1st.prg:159;1st.prg:160;1st.prg:162;1st.prg:598;1st.prg:736;1st.prg:771;1st.prg:774;1st.prg:785;1st.prg:786;1st.prg:788;1st.prg:808;1st.prg:1205;1st.prg:1779;1st.prg:1789;1st.prg:1817;1st.prg:1835;1st.prg:1852;1st.prg:1863;1st.prg:1874;1st.prg:1886;1st.prg:1911;1st.prg:1916;1st.prg:1955;1st.prg:2070;1st.prg:2076;1st.prg:2077;1st.prg:2079;1st.prg:2515;1st.prg:2648;1st.prg:2763;1st.prg:2769;1st.prg:2770;1st.prg:2772;1st.prg:3208;1st.prg:3341;1st.prg:3456;1st.prg:3462;1st.prg:3463;1st.prg:3465;1st.prg:3901;1st.prg:4034;1st.prg:4149;1st.prg:4155;1st.prg:4156;1st.prg:4158;1st.prg:4594;1st.prg:4727;1st.prg:4842;1st.prg:4848;1st.prg:4849;1st.prg:4851;1st.prg:5287;1st.prg:5420;1st.prg:5535;1st.prg:5541;1st.prg:5542;1st.prg:5544;1st.prg:5980;1st.prg:7750;1st.prg:7763;1st.prg:7810;1st.prg:7818;1st.prg:7891;1st.prg:7906;1st.prg:7922;1st.prg:7937;1st.prg:8276;1st.prg:8288;1st.prg:8357;1st.prg:8378;1st.prg:8403;1st.prg:8454;1st.prg:8459;1st.prg:8470;1st.prg:8511;1st.prg:8570;1st.prg:8576;1st.prg:8591;1st.prg:8597;1st.prg:8655;1st.prg:8661;1st.prg:8693;1st.prg:8698;1st.prg:8812;1st.prg:8949;1st.prg:9084;1st.prg:9087;1st.prg:9090;1st.prg:9097;1st.prg:9098;1st.prg:9105;1st.prg:9110;1st.prg:9116;1st.prg:9122;1st.prg:9128;1st.prg:9154;1st.prg:9155;1st.prg:9165;1st.prg:9175;1st.prg:9183;1st.prg:9194;1st.prg:9217;1st.prg:9268;1st.prg:9282;1st.prg:9294;1st.prg:9307;1st.prg:9318;1st.prg:9325;1st.prg:9362;1st.prg:9382;1st.prg:9427;1st.prg:9428;1st.prg:9446;1st.prg:9456;1st.prg:9477;1st.prg:9539;1st.prg:9558;1st.prg:9559;1st.prg:9586;1st.prg:9751;1st.prg:9798;1st.prg:9804;1st.prg:9806;1st.prg:9812;1st.prg:9817;1st.prg:9824;1st.prg:9829;1st.prg:9834;1st.prg:9839;1st.prg:9867;1st.prg:9880;1st.prg:9899;1st.prg:9922;1st.prg:10008;1st.prg:10024;1st.prg:10053;1st.prg:10110;1st.prg:10118;1st.prg:10133;1st.prg:10140;1st.prg:10144;1st.prg:10281;1st.prg:10319;1st.prg:10426;1st.prg:10449;1st.prg:10457;1st.prg:10465;1st.prg:10469;1st.prg:10473;1st.prg:10486;1st.prg:10498;1st.prg:10506;1st.prg:10584;1st.prg:10595;1st.prg:10609;1st.prg:10611;1st.prg:10613;1st.prg:10710;1st.prg:10715;1st.prg:10737;1st.prg:10744;1st.prg:10786;1st.prg:10789;1st.prg:10925;1st.prg:10951;1st.prg:10961;1st.prg:11002;1st.prg:11032;1st.prg:11039;1st.prg:11040;1st.prg:11060;1st.prg:11068;1st.prg:11094;1st.prg:11299;1st.prg:11311;1st.prg:11324;1st.prg:11336;1st.prg:11349;1st.prg:11362;1st.prg:11375;1st.prg:11388;1st.prg:11425,,通用控制变量,,中
ii,local int,1st.prg:10328;1st.prg:10332;1st.prg:10333;1st.prg:10334;1st.prg:10335;1st.prg:10336;1st.prg:10337;1st.prg:10338;1st.prg:10339;1st.prg:10340;1st.prg:10341;1st.prg:10342;1st.prg:10343;1st.prg:10344;1st.prg:10345;1st.prg:10346;1st.prg:10347;1st.prg:10348;1st.prg:10349,1st.prg:10329;1st.prg:10352,局部计算/临时变量,,低
ir_rqst,local int,1st.prg:6170;1st.prg:6259;1st.prg:6279;1st.prg:6286;1st.prg:6293;1st.prg:6300;1st.prg:6307;1st.prg:6324;1st.prg:6377;1st.prg:6399;1st.prg:6414;1st.prg:6429;1st.prg:6443;1st.prg:6457;1st.prg:6471;1st.prg:6485;1st.prg:6522;1st.prg:6530;1st.prg:6537;1st.prg:6544;1st.prg:6552;1st.prg:6559;1st.prg:6566;1st.prg:6573;1st.prg:6907;1st.prg:6968;1st.prg:7155;1st.prg:7263;1st.prg:7319,1st.prg:6233;1st.prg:6234;1st.prg:6236;1st.prg:6237;1st.prg:6238;1st.prg:6258;1st.prg:6278;1st.prg:6285;1st.prg:6292;1st.prg:6299;1st.prg:6306;1st.prg:6320;1st.prg:6321;1st.prg:6322;1st.prg:6370;1st.prg:6371;1st.prg:6376;1st.prg:6398;1st.prg:6413;1st.prg:6428;1st.prg:6442;1st.prg:6456;1st.prg:6470;1st.prg:6484;1st.prg:6521;1st.prg:6529;1st.prg:6536;1st.prg:6543;1st.prg:6551;1st.prg:6558;1st.prg:6565;1st.prg:6572;1st.prg:6944;1st.prg:6945;1st.prg:6946;1st.prg:6947;1st.prg:7187;1st.prg:7188;1st.prg:7189;1st.prg:7190;1st.prg:7294;1st.prg:7295;1st.prg:7296;1st.prg:7297,局部计算/临时变量,,低
ir_rqst_O,local int,1st.prg:7368;1st.prg:7491,1st.prg:7415;1st.prg:7416;1st.prg:7417;1st.prg:7418,局部计算/临时变量,,低
ir_rqst_Q,local int,1st.prg:7366;1st.prg:7472,1st.prg:7410;1st.prg:7411;1st.prg:7412;1st.prg:7413,局部计算/临时变量,,低
ir_rqst_Z,local int,1st.prg:7370;1st.prg:7512,1st.prg:7421;1st.prg:7422;1st.prg:7423;1st.prg:7424,局部计算/临时变量,,低
ir_rspn,local int,1st.prg:6171;1st.prg:6260;1st.prg:6261;1st.prg:6281;1st.prg:6282;1st.prg:6288;1st.prg:6289;1st.prg:6295;1st.prg:6296;1st.prg:6302;1st.prg:6303;1st.prg:6309;1st.prg:6310;1st.prg:6326;1st.prg:6328;1st.prg:6329;1st.prg:6330;1st.prg:6331;1st.prg:6332;1st.prg:6334;1st.prg:6335;1st.prg:6336;1st.prg:6337;1st.prg:6339;1st.prg:6340;1st.prg:6343;1st.prg:6344;1st.prg:6345;1st.prg:6346;1st.prg:6347;1st.prg:6348;1st.prg:6350;1st.prg:6351;1st.prg:6352;1st.prg:6353;1st.prg:6354;1st.prg:6355;1st.prg:6379;1st.prg:6381;1st.prg:6401;1st.prg:6403;1st.prg:6416;1st.prg:6418;1st.prg:6431;1st.prg:6433;1st.prg:6445;1st.prg:6447;1st.prg:6459;1st.prg:6461;1st.prg:6473;1st.prg:6475;1st.prg:6487;1st.prg:6524;1st.prg:6525;1st.prg:6532;1st.prg:6533;1st.prg:6539;1st.prg:6540;1st.prg:6546;1st.prg:6547;1st.prg:6554;1st.prg:6555;1st.prg:6561;1st.prg:6562;1st.prg:6568;1st.prg:6569;1st.prg:6575;1st.prg:6576;1st.prg:6908;1st.prg:6970;1st.prg:6971;1st.prg:6972;1st.prg:6973;1st.prg:6977;1st.prg:6980;1st.prg:6981;1st.prg:6991;1st.prg:6994;1st.prg:6995;1st.prg:7008;1st.prg:7009;1st.prg:7156;1st.prg:7264;1st.prg:7321;1st.prg:7327;1st.prg:7328;1st.prg:7329;1st.prg:7330;1st.prg:7331,,设定值/目标位置,,高
ir_rspn_O,local int,1st.prg:7369;1st.prg:7492;1st.prg:7497;1st.prg:7498;1st.prg:7499;1st.prg:7500;1st.prg:7501;1st.prg:7502;1st.prg:7503;1st.prg:7504,,设定值/目标位置,,高
ir_rspn_Q,local int,1st.prg:7367;1st.prg:7473;1st.prg:7478;1st.prg:7479;1st.prg:7480;1st.prg:7481;1st.prg:7482;1st.prg:7483,,设定值/目标位置,,高
ir_rspn_Z,local int,1st.prg:7371;1st.prg:7513;1st.prg:7518;1st.prg:7520;1st.prg:7521;1st.prg:7522,,设定值/目标位置,,高
iw_rqst,local int,1st.prg:6172;1st.prg:6385;1st.prg:6407;1st.prg:6422;1st.prg:6436;1st.prg:6450;1st.prg:6464;1st.prg:6478;1st.prg:6492;1st.prg:7182;1st.prg:7249;1st.prg:7289;1st.prg:7347,1st.prg:6241;1st.prg:6242;1st.prg:6244;1st.prg:6245;1st.prg:6246;1st.prg:6382;1st.prg:6383;1st.prg:6405;1st.prg:6406;1st.prg:6419;1st.prg:6421;1st.prg:6434;1st.prg:6435;1st.prg:6448;1st.prg:6449;1st.prg:6462;1st.prg:6463;1st.prg:6476;1st.prg:6477;1st.prg:6490;1st.prg:6491;1st.prg:7199;1st.prg:7200;1st.prg:7201;1st.prg:7202;1st.prg:7203;1st.prg:7204;1st.prg:7248;1st.prg:7306;1st.prg:7307;1st.prg:7308;1st.prg:7309;1st.prg:7310;1st.prg:7311;1st.prg:7346,局部计算/临时变量,,低
iw_rqst_O,local int,1st.prg:7403;1st.prg:7568,1st.prg:7442;1st.prg:7443;1st.prg:7444;1st.prg:7445;1st.prg:7446;1st.prg:7447;1st.prg:7567,局部计算/临时变量,,低
iw_rqst_Q,local int,1st.prg:7401;1st.prg:7544,1st.prg:7435;1st.prg:7436;1st.prg:7437;1st.prg:7438;1st.prg:7439;1st.prg:7440;1st.prg:7543,局部计算/临时变量,,低
iw_rqst_Z,local int,1st.prg:7405;1st.prg:7601,1st.prg:7449;1st.prg:7450;1st.prg:7451;1st.prg:7452;1st.prg:7453;1st.prg:7454;1st.prg:7600,局部计算/临时变量,,低
iw_rspn,local int,1st.prg:6173;1st.prg:6386;1st.prg:6408;1st.prg:6423;1st.prg:6437;1st.prg:6451;1st.prg:6465;1st.prg:6479;1st.prg:6493;1st.prg:7183;1st.prg:7250;1st.prg:7290;1st.prg:7348,,设定值/目标位置,,高
iw_rspn_O,local int,1st.prg:7404;1st.prg:7569,,设定值/目标位置,,高
iw_rspn_Q,local int,1st.prg:7402;1st.prg:7545,,设定值/目标位置,,高
iw_rspn_Z,local int,1st.prg:7406;1st.prg:7603,,设定值/目标位置,,高
j,local int,1st.prg:8808;1st.prg:8811;1st.prg:8812;1st.prg:8813;1st.prg:8816;1st.prg:8817;1st.prg:8900,1st.prg:8809;1st.prg:8820;1st.prg:8898;1st.prg:8901,局部计算/临时变量,,低
jogVLVvelocity,local real,1st.prg:1398;1st.prg:1583;1st.prg:1586;1st.prg:1619;1st.prg:1622,1st.prg:1582;1st.prg:1584;1st.prg:1618;1st.prg:1620,运动参数/速度曲线,,高
k,local int,1st.prg:7742;1st.prg:7750;1st.prg:7751;1st.prg:7770;1st.prg:7771;1st.prg:10911;1st.prg:10914;1st.prg:10915,1st.prg:7743;1st.prg:7758;1st.prg:7768;1st.prg:7772;1st.prg:10912;1st.prg:10916,局部计算/临时变量,,低
lx,local real,1st.prg:8224;1st.prg:8370,1st.prg:8368,局部计算/临时变量,,低
maxAnalog,local real,1st.prg:31;1st.prg:729;1st.prg:1948;1st.prg:2641;1st.prg:3334;1st.prg:4027;1st.prg:4720;1st.prg:5413,,局部计算/临时变量,,低
minAnalog,local real,1st.prg:31;1st.prg:729;1st.prg:1948;1st.prg:2641;1st.prg:3334;1st.prg:4027;1st.prg:4720;1st.prg:5413,,局部计算/临时变量,,低
mshLCZ,unknown unknown,1st.prg:9002;1st.prg:9011;1st.prg:11828,1st.prg:8993;1st.prg:9012,通用控制变量,,中
mshLCZ_old,global real,1st.prg:6641;1st.prg:6676;1st.prg:8863,1st.prg:6678;1st.prg:9002,通用控制变量,,中
mshPreventMove,local int,1st.prg:6623;1st.prg:6747;1st.prg:6752,,互锁/运动阻止逻辑,,高
mshUCZ,unknown unknown,1st.prg:9003;1st.prg:9011;1st.prg:11829,1st.prg:8994;1st.prg:9013,通用控制变量,,中
mshUCZ_old,global real,1st.prg:6641;1st.prg:6681;1st.prg:8863,1st.prg:6683;1st.prg:9003,通用控制变量,,中
oGmCarHome_Switch,global int,1st.prg:6885;1st.prg:10573;1st.prg:10614,1st.prg:6973,通用控制变量,,中
oLL_Door_Closed,global int,1st.prg:6884;1st.prg:8875;1st.prg:9395;1st.prg:10180;1st.prg:10222,1st.prg:6972,通用控制变量,,中
oTIC_Local_Mode_Cmd,global int,1st.prg:6899;1st.prg:7045;1st.prg:7058;1st.prg:7103,1st.prg:6975,通用控制变量,,中
overshootturns,local real,1st.prg:10858;1st.prg:11078;1st.prg:11080,1st.prg:11076,局部计算/临时变量,,低
pressurePID_KD0,global real tag 1009,1st.prg:11497,,压力控制相关,0,中
pressurePID_KD1,global real tag 1209,1st.prg:1706;1st.prg:11579,1st.prg:1437;1st.prg:1686;1st.prg:1692;1st.prg:1697,压力控制相关,1,中
pressurePID_KD2,global real tag 1109,1st.prg:11538,,压力控制相关,2,中
pressurePID_KD3,global real tag 1309,1st.prg:11619,,压力控制相关,3,中
pressurePID_KD4,global real tag 1409,1st.prg:11659,,压力控制相关,4,中
pressurePID_KD5,global real tag 1609,1st.prg:11737,,压力控制相关,5,中
pressurePID_KD6,global real tag 1509,1st.prg:11698,,压力控制相关,6,中
pressurePID_KD7,global real tag 1709,1st.prg:11776,,压力控制相关,7,中
pressurePID_KI0,global real tag 1008,1st.prg:11496,,压力控制相关,0,中
pressurePID_KI1,global real tag 1208,1st.prg:1708;1st.prg:11578,1st.prg:1436;1st.prg:1685;1st.prg:1691;1st.prg:1696,压力控制相关,1,中
pressurePID_KI2,global real tag 1108,1st.prg:11537,,压力控制相关,2,中
pressurePID_KI3,global real tag 1308,1st.prg:11618,,压力控制相关,3,中
pressurePID_KI4,global real tag 1408,1st.prg:11658,,压力控制相关,4,中
pressurePID_KI5,global real tag 1608,1st.prg:11736,,压力控制相关,5,中
pressurePID_KI6,global real tag 1508,1st.prg:11697,,压力控制相关,6,中
pressurePID_KI7,global real tag 1708,1st.prg:11775,,压力控制相关,7,中
pressurePID_KP0,global real tag 1007,1st.prg:11495,,压力控制相关,0,中
pressurePID_KP1,global real tag 1207,1st.prg:1704;1st.prg:11577,1st.prg:1435;1st.prg:1684;1st.prg:1690;1st.prg:1695,压力控制相关,1,中
pressurePID_KP2,global real tag 1107,1st.prg:11536,,压力控制相关,2,中
pressurePID_KP3,global real tag 1307,1st.prg:11617,,压力控制相关,3,中
pressurePID_KP4,global real tag 1407,1st.prg:11657,,压力控制相关,4,中
pressurePID_KP5,global real tag 1607,1st.prg:11735,,压力控制相关,5,中
pressurePID_KP6,global real tag 1507,1st.prg:11696,,压力控制相关,6,中
pressurePID_KP7,global real tag 1707,1st.prg:11774,,压力控制相关,7,中
pressurePID_Loop_Time,local real,1st.prg:1393;1st.prg:1706;1st.prg:1708;1st.prg:1722,1st.prg:1448,压力控制相关,,中
pressure_measured_V,local real,1st.prg:1392;1st.prg:1491;1st.prg:1540;1st.prg:1547;1st.prg:1550;1st.prg:1553;1st.prg:1751;1st.prg:1754;1st.prg:1762;1st.prg:1770;1st.prg:1773,1st.prg:1752;1st.prg:1771,测量值/工作设定,,中
pressure_measured_V_prev,local real,1st.prg:1392;1st.prg:1762,1st.prg:1751;1st.prg:1770,测量值/工作设定,,中
pressure_sp_v,local real,1st.prg:1392;1st.prg:1487;1st.prg:1823,1st.prg:1486;1st.prg:1824,压力控制相关,,高
pressure_sp_v_prev,local real,1st.prg:1396,1st.prg:1487;1st.prg:1823,压力控制相关,,高
qcmLCZ,unknown unknown,1st.prg:9006;1st.prg:9011;1st.prg:11832,1st.prg:8997;1st.prg:9016,通用控制变量,,中
qcmLCZ_old,global real,1st.prg:6641;1st.prg:6698;1st.prg:8863,1st.prg:6700;1st.prg:9006,通用控制变量,,中
qcmPreventMove,local int,1st.prg:6623;1st.prg:6749;1st.prg:6752,,互锁/运动阻止逻辑,,高
qcmUCZ,unknown unknown,1st.prg:9007;1st.prg:9011;1st.prg:11833,1st.prg:8998;1st.prg:9017,通用控制变量,,中
qcmUCZ_old,global real,1st.prg:6641;1st.prg:6703;1st.prg:8863,1st.prg:6705;1st.prg:9007,通用控制变量,,中
rClearance,global real,1st.prg:8210;1st.prg:8437;1st.prg:8841,1st.prg:9275;1st.prg:9287;1st.prg:9299;1st.prg:9312;1st.prg:9321,通用控制变量,,中
rEndEffectorLength,global real,1st.prg:8210;1st.prg:8360;1st.prg:8585;1st.prg:8587;1st.prg:8606;1st.prg:8608;1st.prg:8841;1st.prg:9327;1st.prg:9328,1st.prg:9273;1st.prg:9285;1st.prg:9297;1st.prg:9310,通用控制变量,,中
rFrontArmLength,global real,1st.prg:8210;1st.prg:8245;1st.prg:8841;1st.prg:9337;1st.prg:9339,1st.prg:9272;1st.prg:9284;1st.prg:9296;1st.prg:9309,通用控制变量,,中
rFullyExtended,global real,1st.prg:8211;1st.prg:8319;1st.prg:8842;1st.prg:9279;1st.prg:9291;1st.prg:9303;1st.prg:9316;1st.prg:9322;1st.prg:9340,1st.prg:8294;1st.prg:9277;1st.prg:9289;1st.prg:9301;1st.prg:9314;1st.prg:9320,通用控制变量,,中
rFullyRetracted,global real,1st.prg:8211;1st.prg:8319;1st.prg:8360;1st.prg:8585;1st.prg:8587;1st.prg:8606;1st.prg:8608;1st.prg:8842;1st.prg:9280;1st.prg:9292;1st.prg:9304;1st.prg:9317;1st.prg:9323;1st.prg:9327;1st.prg:9328;1st.prg:9340,1st.prg:9276;1st.prg:9288;1st.prg:9300;1st.prg:9313;1st.prg:9319,通用控制变量,,中
rMax,local real,1st.prg:581;1st.prg:619;1st.prg:620;1st.prg:1188;1st.prg:1226;1st.prg:1227;1st.prg:2498;1st.prg:2536;1st.prg:2537;1st.prg:3191;1st.prg:3229;1st.prg:3230;1st.prg:3884;1st.prg:3922;1st.prg:3923;1st.prg:4577;1st.prg:4615;1st.prg:4616;1st.prg:5270;1st.prg:5308;1st.prg:5309;1st.prg:5963;1st.prg:6001;1st.prg:6002,1st.prg:617;1st.prg:1224;1st.prg:2534;1st.prg:3227;1st.prg:3920;1st.prg:4613;1st.prg:5306;1st.prg:5999,局部计算/临时变量,,低
rMin,local real,1st.prg:581;1st.prg:619;1st.prg:620;1st.prg:1188;1st.prg:1226;1st.prg:1227;1st.prg:2498;1st.prg:2536;1st.prg:2537;1st.prg:3191;1st.prg:3229;1st.prg:3230;1st.prg:3884;1st.prg:3922;1st.prg:3923;1st.prg:4577;1st.prg:4615;1st.prg:4616;1st.prg:5270;1st.prg:5308;1st.prg:5309;1st.prg:5963;1st.prg:6001;1st.prg:6002,1st.prg:618;1st.prg:1225;1st.prg:2535;1st.prg:3228;1st.prg:3921;1st.prg:4614;1st.prg:5307;1st.prg:6000,局部计算/临时变量,,低
rRearArmLength,global real,1st.prg:8210;1st.prg:8245;1st.prg:8370;1st.prg:8580;1st.prg:8581;1st.prg:8601;1st.prg:8602;1st.prg:8841;1st.prg:9337,1st.prg:9271;1st.prg:9283;1st.prg:9295;1st.prg:9308,通用控制变量,,中
rRotCenterOffset,global real,1st.prg:8210;1st.prg:8360;1st.prg:8585;1st.prg:8587;1st.prg:8606;1st.prg:8608;1st.prg:8841;1st.prg:9279;1st.prg:9280;1st.prg:9291;1st.prg:9292;1st.prg:9303;1st.prg:9304;1st.prg:9316;1st.prg:9317;1st.prg:9327;1st.prg:9328,1st.prg:9278;1st.prg:9290;1st.prg:9302;1st.prg:9315,通用控制变量,,中
rSqLength,global real,1st.prg:8226;1st.prg:8582;1st.prg:8603;1st.prg:8858,1st.prg:9339,通用控制变量,,中
rSqLengthDelta,local real,1st.prg:8219;1st.prg:8370;1st.prg:8858,1st.prg:8245,局部计算/临时变量,,低
rWristHalfWidth,global real,1st.prg:8210;1st.prg:8362;1st.prg:8366;1st.prg:8368;1st.prg:8581;1st.prg:8602;1st.prg:8841;1st.prg:9327;1st.prg:9331;1st.prg:9335,1st.prg:9274;1st.prg:9286;1st.prg:9298;1st.prg:9311,通用控制变量,,中
r_reg,local int,1st.prg:6176;1st.prg:6910;1st.prg:7159;1st.prg:7267;1st.prg:7374,,局部计算/临时变量,,低
ramprate0,global real tag 1068,1st.prg:8350;1st.prg:8379;1st.prg:8380;1st.prg:8390;1st.prg:8391;1st.prg:8647;1st.prg:10903;1st.prg:10938;1st.prg:11513,1st.prg:9237;1st.prg:10959,运动参数/速度曲线,0,中
ramprate1,global real tag 1268,1st.prg:8443;1st.prg:8736;1st.prg:10904;1st.prg:10939;1st.prg:11595,1st.prg:9238;1st.prg:10970,运动参数/速度曲线,1,中
ramprate2,global real tag 1168,1st.prg:8445;1st.prg:8760;1st.prg:10905;1st.prg:10940;1st.prg:11554,1st.prg:9239;1st.prg:10973,运动参数/速度曲线,2,中
ramprate3,global real tag 1368,1st.prg:10906;1st.prg:10941;1st.prg:11635,1st.prg:9240;1st.prg:10976,运动参数/速度曲线,3,中
ramprate4,global real tag 1468,1st.prg:10907;1st.prg:10942;1st.prg:11675,1st.prg:9241;1st.prg:10979,运动参数/速度曲线,4,中
ramprate5,global real tag 1668,1st.prg:10908;1st.prg:10943;1st.prg:11753,1st.prg:9242;1st.prg:10982,运动参数/速度曲线,5,中
ramprate6,global real tag 1568,1st.prg:10909;1st.prg:10944;1st.prg:11714,1st.prg:9243;1st.prg:10985,运动参数/速度曲线,6,中
ramprate7,global real tag 1768,1st.prg:10910;1st.prg:10945;1st.prg:11792,1st.prg:9244;1st.prg:10988,运动参数/速度曲线,7,中
relative_angle,local real,1st.prg:8222;1st.prg:8472;1st.prg:8474;1st.prg:8480;1st.prg:8485;1st.prg:8493;1st.prg:8496;1st.prg:8516;1st.prg:8517,1st.prg:8471;1st.prg:8473;1st.prg:8475;1st.prg:8481;1st.prg:8486;1st.prg:8492;1st.prg:8494;1st.prg:8497;1st.prg:8512,局部计算/临时变量,,低
result1,local int,1st.prg:6178;1st.prg:6911;1st.prg:7160;1st.prg:7268,1st.prg:6259;1st.prg:6279;1st.prg:6286;1st.prg:6293;1st.prg:6300;1st.prg:6307;1st.prg:6324;1st.prg:6377;1st.prg:6399;1st.prg:6414;1st.prg:6429;1st.prg:6443;1st.prg:6457;1st.prg:6471;1st.prg:6485;1st.prg:6522;1st.prg:6530;1st.prg:6537;1st.prg:6544;1st.prg:6552;1st.prg:6559;1st.prg:6566;1st.prg:6573;1st.prg:6968;1st.prg:7319,局部计算/临时变量,1,低
result1_O,local int,1st.prg:7376,1st.prg:7491,局部计算/临时变量,,低
result1_Q,local int,1st.prg:7375,1st.prg:7472,局部计算/临时变量,,低
result1_Z,local int,1st.prg:7377,1st.prg:7512,局部计算/临时变量,,低
result2,local int,1st.prg:6178;1st.prg:6911;1st.prg:7160;1st.prg:7268,1st.prg:6260;1st.prg:6281;1st.prg:6288;1st.prg:6295;1st.prg:6302;1st.prg:6309;1st.prg:6326;1st.prg:6379;1st.prg:6401;1st.prg:6416;1st.prg:6431;1st.prg:6445;1st.prg:6459;1st.prg:6473;1st.prg:6487;1st.prg:6524;1st.prg:6532;1st.prg:6539;1st.prg:6546;1st.prg:6554;1st.prg:6561;1st.prg:6568;1st.prg:6575;1st.prg:6970;1st.prg:7321,局部计算/临时变量,2,低
result2_O,local int,1st.prg:7376,1st.prg:7492,局部计算/临时变量,,低
result2_Q,local int,1st.prg:7375,1st.prg:7473,局部计算/临时变量,,低
result2_Z,local int,1st.prg:7377,1st.prg:7513,局部计算/临时变量,,低
slave_IP,local int,1st.prg:6179;1st.prg:6218;1st.prg:6912;1st.prg:6930;1st.prg:7161;1st.prg:7172;1st.prg:7269;1st.prg:7280;1st.prg:7378;1st.prg:7389,1st.prg:6213;1st.prg:6925;1st.prg:7167;1st.prg:7275;1st.prg:7384,通讯/Modbus,,中
slave_channel,local int,1st.prg:6179;1st.prg:6216;1st.prg:6218;1st.prg:6221;1st.prg:6259;1st.prg:6260;1st.prg:6279;1st.prg:6281;1st.prg:6286;1st.prg:6288;1st.prg:6293;1st.prg:6295;1st.prg:6300;1st.prg:6302;1st.prg:6307;1st.prg:6309;1st.prg:6324;1st.prg:6326;1st.prg:6377;1st.prg:6379;1st.prg:6385;1st.prg:6386;1st.prg:6399;1st.prg:6401;1st.prg:6407;1st.prg:6408;1st.prg:6414;1st.prg:6416;1st.prg:6422;1st.prg:6423;1st.prg:6429;1st.prg:6431;1st.prg:6436;1st.prg:6437;1st.prg:6443;1st.prg:6445;1st.prg:6450;1st.prg:6451;1st.prg:6457;1st.prg:6459;1st.prg:6464;1st.prg:6465;1st.prg:6471;1st.prg:6473;1st.prg:6478;1st.prg:6479;1st.prg:6485;1st.prg:6487;1st.prg:6492;1st.prg:6493;1st.prg:6522;1st.prg:6524;1st.prg:6530;1st.prg:6532;1st.prg:6537;1st.prg:6539;1st.prg:6544;1st.prg:6546;1st.prg:6552;1st.prg:6554;1st.prg:6559;1st.prg:6561;1st.prg:6566;1st.prg:6568;1st.prg:6573;1st.prg:6575;1st.prg:6912;1st.prg:6928;1st.prg:6930;1st.prg:6933;1st.prg:6968;1st.prg:6970;1st.prg:7161;1st.prg:7170;1st.prg:7172;1st.prg:7175;1st.prg:7249;1st.prg:7250;1st.prg:7269;1st.prg:7278;1st.prg:7280;1st.prg:7283;1st.prg:7319;1st.prg:7321;1st.prg:7378;1st.prg:7387;1st.prg:7389;1st.prg:7392;1st.prg:7472;1st.prg:7473;1st.prg:7491;1st.prg:7492;1st.prg:7512;1st.prg:7513,1st.prg:6212;1st.prg:6923;1st.prg:7166;1st.prg:7274;1st.prg:7383,通讯/Modbus,,中
slave_id,local int,1st.prg:6179;1st.prg:6233;1st.prg:6241;1st.prg:6912;1st.prg:6944;1st.prg:7161;1st.prg:7187;1st.prg:7269;1st.prg:7294;1st.prg:7378;1st.prg:7410;1st.prg:7415;1st.prg:7421,1st.prg:6214;1st.prg:6926;1st.prg:7168;1st.prg:7276;1st.prg:7385,通讯/Modbus,,中
store_CERRI0,local real,1st.prg:35;1st.prg:249;1st.prg:549;1st.prg:733;1st.prg:856;1st.prg:1156;1st.prg:1350;1st.prg:1952;1st.prg:2166;1st.prg:2466;1st.prg:2645;1st.prg:2859;1st.prg:3159;1st.prg:3338;1st.prg:3552;1st.prg:3852;1st.prg:4031;1st.prg:4245;1st.prg:4545;1st.prg:4724;1st.prg:4938;1st.prg:5238;1st.prg:5417;1st.prg:5631;1st.prg:5931;1st.prg:10666;1st.prg:10816,1st.prg:46;1st.prg:744;1st.prg:1963;1st.prg:2656;1st.prg:3349;1st.prg:4042;1st.prg:4735;1st.prg:5428;1st.prg:10703,故障/错误阈值或报警状态,0,中
store_CERRI2,local real,1st.prg:10666;1st.prg:10818,1st.prg:10705,故障/错误阈值或报警状态,2,中
store_CERRV0,local real,1st.prg:35;1st.prg:248;1st.prg:548;1st.prg:733;1st.prg:855;1st.prg:1155;1st.prg:1349;1st.prg:1952;1st.prg:2165;1st.prg:2465;1st.prg:2645;1st.prg:2858;1st.prg:3158;1st.prg:3338;1st.prg:3551;1st.prg:3851;1st.prg:4031;1st.prg:4244;1st.prg:4544;1st.prg:4724;1st.prg:4937;1st.prg:5237;1st.prg:5417;1st.prg:5630;1st.prg:5930;1st.prg:10666;1st.prg:10817,1st.prg:47;1st.prg:745;1st.prg:1964;1st.prg:2657;1st.prg:3350;1st.prg:4043;1st.prg:4736;1st.prg:5429;1st.prg:10704,故障/错误阈值或报警状态,0,中
store_CERRV2,local real,1st.prg:10666;1st.prg:10819,1st.prg:10706,故障/错误阈值或报警状态,2,中
store_CURI,local real,1st.prg:33;1st.prg:236;1st.prg:245;1st.prg:316;1st.prg:322;1st.prg:418;1st.prg:731;1st.prg:843;1st.prg:852;1st.prg:923;1st.prg:929;1st.prg:1025;1st.prg:1339;1st.prg:1347;1st.prg:1950;1st.prg:2153;1st.prg:2162;1st.prg:2233;1st.prg:2239;1st.prg:2335;1st.prg:2643;1st.prg:2846;1st.prg:2855;1st.prg:2926;1st.prg:2932;1st.prg:3028;1st.prg:3336;1st.prg:3539;1st.prg:3548;1st.prg:3619;1st.prg:3625;1st.prg:3721;1st.prg:4029;1st.prg:4232;1st.prg:4241;1st.prg:4312;1st.prg:4318;1st.prg:4414;1st.prg:4722;1st.prg:4925;1st.prg:4934;1st.prg:5005;1st.prg:5011;1st.prg:5107;1st.prg:5415;1st.prg:5618;1st.prg:5627;1st.prg:5698;1st.prg:5704;1st.prg:5800,1st.prg:218;1st.prg:297;1st.prg:386;1st.prg:510;1st.prg:825;1st.prg:904;1st.prg:993;1st.prg:1117;1st.prg:1317;1st.prg:2135;1st.prg:2214;1st.prg:2303;1st.prg:2427;1st.prg:2828;1st.prg:2907;1st.prg:2996;1st.prg:3120;1st.prg:3521;1st.prg:3600;1st.prg:3689;1st.prg:3813;1st.prg:4214;1st.prg:4293;1st.prg:4382;1st.prg:4506;1st.prg:4907;1st.prg:4986;1st.prg:5075;1st.prg:5199;1st.prg:5600;1st.prg:5679;1st.prg:5768;1st.prg:5892,局部计算/临时变量,,低
store_CURI0,local real,1st.prg:10378;1st.prg:10529;1st.prg:10665;1st.prg:10822,1st.prg:10401;1st.prg:10698,局部计算/临时变量,0,低
store_CURI2,local real,1st.prg:10378;1st.prg:10531;1st.prg:10665;1st.prg:10824,1st.prg:10403;1st.prg:10700,局部计算/临时变量,2,低
store_CURV,local real,1st.prg:33;1st.prg:237;1st.prg:246;1st.prg:318;1st.prg:323;1st.prg:419;1st.prg:731;1st.prg:844;1st.prg:853;1st.prg:925;1st.prg:930;1st.prg:1026;1st.prg:1340;1st.prg:1348;1st.prg:1950;1st.prg:2154;1st.prg:2163;1st.prg:2235;1st.prg:2240;1st.prg:2336;1st.prg:2643;1st.prg:2847;1st.prg:2856;1st.prg:2928;1st.prg:2933;1st.prg:3029;1st.prg:3336;1st.prg:3540;1st.prg:3549;1st.prg:3621;1st.prg:3626;1st.prg:3722;1st.prg:4029;1st.prg:4233;1st.prg:4242;1st.prg:4314;1st.prg:4319;1st.prg:4415;1st.prg:4722;1st.prg:4926;1st.prg:4935;1st.prg:5007;1st.prg:5012;1st.prg:5108;1st.prg:5415;1st.prg:5619;1st.prg:5628;1st.prg:5700;1st.prg:5705;1st.prg:5801,1st.prg:219;1st.prg:298;1st.prg:387;1st.prg:511;1st.prg:826;1st.prg:905;1st.prg:994;1st.prg:1118;1st.prg:1318;1st.prg:2136;1st.prg:2215;1st.prg:2304;1st.prg:2428;1st.prg:2829;1st.prg:2908;1st.prg:2997;1st.prg:3121;1st.prg:3522;1st.prg:3601;1st.prg:3690;1st.prg:3814;1st.prg:4215;1st.prg:4294;1st.prg:4383;1st.prg:4507;1st.prg:4908;1st.prg:4987;1st.prg:5076;1st.prg:5200;1st.prg:5601;1st.prg:5680;1st.prg:5769;1st.prg:5893,局部计算/临时变量,,低
store_CURV0,local real,1st.prg:10378;1st.prg:10530;1st.prg:10665;1st.prg:10823,1st.prg:10402;1st.prg:10699,局部计算/临时变量,0,低
store_CURV2,local real,1st.prg:10378;1st.prg:10532;1st.prg:10665;1st.prg:10825,1st.prg:10404;1st.prg:10701,局部计算/临时变量,2,低
sum,local real,1st.prg:1768;1st.prg:1771,1st.prg:1769,局部计算/临时变量,,低
t,global axisdef,1st.prg:11410,,通用控制变量,,中
tag	1837 DynNegativeLimit,global real,,,运动参数/速度曲线,,高
tag	1838 DynPositiveLimit,global real,,,运动参数/速度曲线,,高
tag	1839 mshLCZ,global real,,,通用控制变量,,中
tag	1840 mshUCZ,global real,,,通用控制变量,,中
tag	1841 bfmLCZ,global real,,,通用控制变量,,中
tag	1842 bfmUCZ,global real,,,通用控制变量,,中
tag	1843 qcmLCZ,global real,,,通用控制变量,,中
tag	1844 qcmUCZ,global real,,,通用控制变量,,中
tag	1845 xfrLCZ,global real,,,通用控制变量,,中
tag	1846 xfrUCZ,global real,,,通用控制变量,,中
temp,local real,1st.prg:9429;1st.prg:9431;1st.prg:9433;1st.prg:9436,1st.prg:9430,局部计算/临时变量,,低
thepeakposIndex,local int,1st.prg:627;1st.prg:630;1st.prg:1234;1st.prg:1237;1st.prg:2544;1st.prg:2547;1st.prg:3237;1st.prg:3240;1st.prg:3930;1st.prg:3933;1st.prg:4623;1st.prg:4626;1st.prg:5316;1st.prg:5319;1st.prg:6009;1st.prg:6012,1st.prg:628;1st.prg:1235;1st.prg:2545;1st.prg:3238;1st.prg:3931;1st.prg:4624;1st.prg:5317;1st.prg:6010,局部计算/临时变量,,低
theta0,global real,1st.prg:8211;1st.prg:8375;1st.prg:8579;1st.prg:8600;1st.prg:8842;1st.prg:10669;1st.prg:10792,1st.prg:9338,通用控制变量,0,中
theta1,local real,1st.prg:8224;1st.prg:8375,1st.prg:8362;1st.prg:8364;1st.prg:8366,局部计算/临时变量,1,低
theta2,local real,1st.prg:8224;1st.prg:8375,1st.prg:8374,局部计算/临时变量,2,低
tmp,local real,1st.prg:7767;1st.prg:8224;1st.prg:8361;1st.prg:8362;1st.prg:8363;1st.prg:8365;1st.prg:8366;1st.prg:8368;1st.prg:8577;1st.prg:8580;1st.prg:8581;1st.prg:8583;1st.prg:8598;1st.prg:8601;1st.prg:8602;1st.prg:8604;1st.prg:8660;1st.prg:8664;1st.prg:8667;1st.prg:8684;1st.prg:8687;1st.prg:8692;1st.prg:8715;1st.prg:9402,1st.prg:8360;1st.prg:8571;1st.prg:8573;1st.prg:8579;1st.prg:8582;1st.prg:8592;1st.prg:8594;1st.prg:8600;1st.prg:8603;1st.prg:8656;1st.prg:8658;1st.prg:8663;1st.prg:8665;1st.prg:8668;1st.prg:8681;1st.prg:8682;1st.prg:8685;1st.prg:8688;1st.prg:8694;1st.prg:8696;1st.prg:8700;1st.prg:8710;1st.prg:8711,局部计算/临时变量,,低
tmpAxisAcc,local real,1st.prg:8887;1st.prg:9546;1st.prg:9580;1st.prg:9594;1st.prg:9609;1st.prg:9624;1st.prg:9640;1st.prg:9657;1st.prg:9674,1st.prg:9442;1st.prg:9452;1st.prg:9462;1st.prg:9472,运动参数/速度曲线,,高
tmpAxisDec,local real,1st.prg:8886;1st.prg:9545;1st.prg:9579;1st.prg:9593;1st.prg:9608;1st.prg:9623;1st.prg:9639;1st.prg:9656;1st.prg:9673,1st.prg:9441;1st.prg:9451;1st.prg:9461;1st.prg:9471,运动参数/速度曲线,,高
tmpDINPUT,local int,1st.prg:8896;1st.prg:9849;1st.prg:9850;1st.prg:9851;1st.prg:9852;1st.prg:9853;1st.prg:9854;1st.prg:9855;1st.prg:9856;1st.prg:9903;1st.prg:9907;1st.prg:9912;1st.prg:9913;1st.prg:9914;1st.prg:9917;1st.prg:9918;1st.prg:9919;1st.prg:9920;1st.prg:9921,1st.prg:8900;1st.prg:9846;1st.prg:9875,局部计算/临时变量,,低
tmpExtRearArmRotCenter,local real,1st.prg:9326;1st.prg:9330;1st.prg:9331;1st.prg:9332;1st.prg:9334;1st.prg:9335,1st.prg:9328,局部计算/临时变量,,低
tmpFaultTorq,local real,1st.prg:8888;1st.prg:9547;1st.prg:9581;1st.prg:9595;1st.prg:9610;1st.prg:9625;1st.prg:9641;1st.prg:9658;1st.prg:9675,1st.prg:9443;1st.prg:9453;1st.prg:9463;1st.prg:9473,故障/错误阈值或报警状态,,高
tmpHomeTorq,local real,1st.prg:8889;1st.prg:9548;1st.prg:9582;1st.prg:9596;1st.prg:9611;1st.prg:9626;1st.prg:9642;1st.prg:9659;1st.prg:9676,1st.prg:9444;1st.prg:9454;1st.prg:9464;1st.prg:9474,局部计算/临时变量,,低
tmpIG,local real,1st.prg:1401;1st.prg:1547;1st.prg:1553,1st.prg:1540;1st.prg:1550,局部计算/临时变量,,低
tmpLx,local real,1st.prg:9326;1st.prg:9337,1st.prg:9327,局部计算/临时变量,,低
tmpMaxTorq,local real,1st.prg:8890;1st.prg:9549;1st.prg:9583;1st.prg:9597;1st.prg:9612;1st.prg:9627;1st.prg:9643;1st.prg:9660;1st.prg:9677,1st.prg:9445;1st.prg:9455;1st.prg:9465;1st.prg:9475,局部计算/临时变量,,低
tmpMaxVel,local real,1st.prg:8884;1st.prg:9543;1st.prg:9577;1st.prg:9591;1st.prg:9606;1st.prg:9621;1st.prg:9637;1st.prg:9654;1st.prg:9671,1st.prg:9439;1st.prg:9449;1st.prg:9459;1st.prg:9469,运动参数/速度曲线,,高
tmpMeasured,global real,1st.prg:6794;1st.prg:6856;1st.prg:6863;1st.prg:7152;1st.prg:7226;1st.prg:7235;1st.prg:7393;1st.prg:7586;1st.prg:7587;1st.prg:7596;1st.prg:8882;1st.prg:9485;1st.prg:9490;1st.prg:9541;1st.prg:9561;1st.prg:9569;1st.prg:9589;1st.prg:9604;1st.prg:9619;1st.prg:9635;1st.prg:9652;1st.prg:9669,1st.prg:7217;1st.prg:7218;1st.prg:7219;1st.prg:7220;1st.prg:7221;1st.prg:7222;1st.prg:7223;1st.prg:7224;1st.prg:9432;1st.prg:9434;1st.prg:9436;1st.prg:9447;1st.prg:9457;1st.prg:9467,测量值/工作设定,,中
tmpMinVel,local real,1st.prg:8885;1st.prg:9544;1st.prg:9578;1st.prg:9592;1st.prg:9607;1st.prg:9622;1st.prg:9638;1st.prg:9655;1st.prg:9672,1st.prg:9440;1st.prg:9450;1st.prg:9460;1st.prg:9470,运动参数/速度曲线,,高
tmpOutput,local int,1st.prg:10570;1st.prg:10603;1st.prg:10606,1st.prg:10597;1st.prg:10599,局部计算/临时变量,,低
tmpRampCycleStartTime,local real,1st.prg:1401;1st.prg:1589;1st.prg:1625,1st.prg:1588;1st.prg:1624,局部计算/临时变量,,低
tmpRampCycleTime,local real,1st.prg:1401,,局部计算/临时变量,,低
tmpRamprate,local real,1st.prg:1401;1st.prg:1571;1st.prg:1572;1st.prg:1608;1st.prg:1609;1st.prg:1739;1st.prg:1742,1st.prg:1500;1st.prg:1826;1st.prg:1841,运动参数/速度曲线,,中
tmpRotRampRate,local real,1st.prg:8233;1st.prg:8448;1st.prg:8500;1st.prg:8501,1st.prg:8443;1st.prg:8445,运动参数/速度曲线,,中
tmpSLPKP,local real,1st.prg:8893;1st.prg:9037;1st.prg:9041;1st.prg:9045;1st.prg:9049;1st.prg:9053;1st.prg:9057;1st.prg:9061;1st.prg:9065,1st.prg:9031,局部计算/临时变量,,低
tmpSLVKI,local real,1st.prg:8892;1st.prg:9036;1st.prg:9040;1st.prg:9044;1st.prg:9048;1st.prg:9052;1st.prg:9056;1st.prg:9060;1st.prg:9064,1st.prg:9030,局部计算/临时变量,,低
tmpSLVKP,local real,1st.prg:8891;1st.prg:9035;1st.prg:9039;1st.prg:9043;1st.prg:9047;1st.prg:9051;1st.prg:9055;1st.prg:9059;1st.prg:9063,1st.prg:9029,局部计算/临时变量,,低
tmpStartPressure,local real,1st.prg:1401,1st.prg:1566,压力控制相关,,中
tmpTheta1,local real,1st.prg:9326;1st.prg:9338,1st.prg:9331;1st.prg:9333;1st.prg:9335,局部计算/临时变量,1,低
tmpTheta2,local real,1st.prg:9326;1st.prg:9338,1st.prg:9337,局部计算/临时变量,2,低
tmpVar,local real,1st.prg:10858;1st.prg:11083;1st.prg:11085;1st.prg:11088,1st.prg:11082;1st.prg:11084;1st.prg:11086,局部计算/临时变量,,低
tmpWkSp,local real,1st.prg:8249;1st.prg:8605;1st.prg:8613;1st.prg:8722;1st.prg:8746;1st.prg:8883;1st.prg:9506;1st.prg:9542;1st.prg:9562;1st.prg:9570;1st.prg:9590;1st.prg:9605;1st.prg:9620;1st.prg:9636;1st.prg:9653;1st.prg:9670,1st.prg:8598;1st.prg:8606;1st.prg:8608;1st.prg:8715;1st.prg:9438;1st.prg:9448;1st.prg:9458;1st.prg:9468,设定值/目标位置,,高
tmpend,local real,1st.prg:7767;1st.prg:7782;1st.prg:7789;1st.prg:7796;1st.prg:7803,1st.prg:7771,局部计算/临时变量,,低
tmpstart,local real,1st.prg:7767;1st.prg:7782;1st.prg:7796,1st.prg:7770,局部计算/临时变量,,低
tmptest,local real,1st.prg:8369;1st.prg:8371;1st.prg:8374,1st.prg:8370;1st.prg:8372,局部计算/临时变量,,低
tmptime,local real,1st.prg:1401;1st.prg:1670,1st.prg:1533,局部计算/临时变量,,低
tmptimed,local real,1st.prg:1401,1st.prg:1433;1st.prg:1670,局部计算/临时变量,,低
w_reg,local int,1st.prg:6177;1st.prg:7184;1st.prg:7291;1st.prg:7407,,局部计算/临时变量,,低
x,global axisdef,1st.prg:11410,,通用控制变量,,中
x1,local real,1st.prg:8225;1st.prg:8585;1st.prg:8587;1st.prg:8606;1st.prg:8608;1st.prg:9402,1st.prg:8580;1st.prg:8601,局部计算/临时变量,1,低
x2,local real,1st.prg:8225;1st.prg:8585;1st.prg:8587;1st.prg:8606;1st.prg:8608;1st.prg:9402,1st.prg:8583;1st.prg:8604,局部计算/临时变量,2,低
xfrLCZ,unknown unknown,1st.prg:9008;1st.prg:9011;1st.prg:11834,1st.prg:8999;1st.prg:9018,通用控制变量,,中
xfrLCZ_old,global real,1st.prg:6641;1st.prg:6709;1st.prg:8863,1st.prg:6711;1st.prg:9008,通用控制变量,,中
xfrPreventMove,local int,1st.prg:6623;1st.prg:6750,,互锁/运动阻止逻辑,,高
xfrUCZ,unknown unknown,1st.prg:9009;1st.prg:9011;1st.prg:11835,1st.prg:9000;1st.prg:9019,通用控制变量,,中
xfrUCZ_old,global real,1st.prg:6641;1st.prg:6714;1st.prg:8863,1st.prg:6716;1st.prg:9009,通用控制变量,,中
y,global axisdef,1st.prg:11410,,通用控制变量,,中
z,global axisdef,1st.prg:11410,,通用控制变量,,中
